id,a1,a2,a3,n1,n2,n3,e1,e2,e3,f1,f2,f3,h1,h2,h3,csat,intent,origination,classes,profit
2GVO8CZO,5,5,3,3,2,2,3,5,5,5,4,4,4,4,5,4,2,2016,294,3580.25
60B5GB8Y,4,5,5,2,1,2,2,4,3,4,4,4,3,3,5,3,4,2013,400,4417.58
TY356EUP,4,5,6,2,4,2,3,3,4,4,4,2,4,4,4,4,4,2012,451,5069.14
DQB1VX3A,6,6,6,5,5,4,4,6,3,3,3,3,6,5,4,4,7,2022,24,213.85
MTK88VDG,4,4,5,1,2,2,2,2,2,5,6,5,2,2,3,3,2,2015,248,2546.25
ZGOSB4BP,5,6,5,3,3,4,4,4,3,4,5,4,2,2,3,3,5,2017,222,2303.49
0JW5W73L,5,5,5,4,5,5,5,6,5,3,4,5,5,5,5,4,5,2015,288,3478.78
QOAB7JYB,4,6,5,5,5,2,2,4,3,7,6,5,6,5,6,2,4,2017,270,2610.21
2HVP7LX8,6,7,7,2,2,3,1,2,2,2,2,2,4,4,4,5,5,2021,42,413.89
RC1MKVXG,5,6,6,5,6,5,1,1,2,1,1,1,2,2,2,6,6,2022,26,234.15
63BLKOZJ,4,6,6,3,2,3,3,5,2,5,4,4,6,7,7,3,3,2011,516,6105.46
1YGRPZQ6,3,2,3,2,2,2,6,7,6,1,3,4,3,2,3,4,3,2016,266,3232.46
78G5XK0C,5,6,4,4,4,2,3,4,2,3,4,3,4,5,6,3,3,2015,408,4290.14
VSC62KYB,6,6,6,4,5,6,1,2,2,1,2,3,2,2,2,5,6,2022,33,287.83
DH5EQU1J,5,5,6,3,4,4,1,1,1,3,2,2,5,4,4,4,6,2022,32,300.03
KLO7EDFQ,6,6,6,4,4,5,2,3,4,3,4,4,3,3,3,3,5,2022,17,147.42
2A3ZXCE8,3,3,3,2,3,3,3,4,3,1,1,1,1,1,1,4,6,2021,84,818.69
JOBA9HVK,3,3,4,4,5,6,4,6,3,2,3,3,3,3,3,3,4,2022,26,244.21
4K24VLTG,5,6,6,4,3,4,1,2,1,4,4,3,2,2,2,4,6,2022,28,285.96
R3ADPIUL,6,6,6,5,6,5,1,2,1,3,3,4,5,4,4,5,7,2022,26,219.61
E8G15O4P,6,6,5,4,4,5,1,1,2,2,2,2,5,4,4,4,5,2022,28,266.63
P0MC4V3P,5,4,5,7,7,5,5,6,4,5,4,3,5,4,5,2,5,2015,240,2669.55
99FGZU5D,7,7,6,5,6,6,2,2,1,2,2,2,2,2,2,5,5,2022,27,233.89
1RUS6T5W,5,3,2,4,3,3,1,3,3,6,6,6,6,7,6,2,4,2016,259,2123.81
XSJEGX4A,6,6,7,2,5,5,3,3,3,3,4,3,2,4,4,4,4,2021,44,356.91
8KFN2QGP,6,6,6,3,2,3,1,4,2,3,2,2,4,5,5,5,4,2022,28,210.25
LR9NGDPI,6,6,6,4,6,4,2,2,1,1,1,1,4,2,3,5,6,2021,60,539.17
7QCOOHZP,5,6,5,2,2,2,3,4,3,3,3,3,3,3,3,5,4,2015,272,2396.33
3D3WN1J1,5,6,6,4,5,5,2,5,4,2,2,3,3,3,2,5,5,2022,24,225.15
IW8G1SYM,2,3,4,2,3,3,3,3,2,2,2,3,5,4,5,4,3,2021,64,499.74
R865T32S,4,5,4,4,4,5,1,1,1,3,4,3,4,4,4,3,5,2021,48,451.15
WT64BBEK,7,6,5,2,2,2,6,6,6,6,6,7,5,5,4,3,2,2015,320,3361.21
9F97GBHX,3,2,1,3,2,2,6,6,6,5,5,6,5,5,5,3,4,2015,272,2809.2
29UIYKGE,1,3,3,4,5,3,1,1,1,1,1,1,4,5,4,5,6,2022,32,308.57
XYGKXQIO,3,2,3,5,7,6,5,4,1,2,2,3,3,3,3,4,6,2022,24,218.73
YL28298R,3,2,2,4,3,3,4,6,6,2,3,4,6,5,6,3,3,2013,380,4579.89
V8X040I0,4,3,3,4,6,5,3,4,2,3,3,3,2,2,2,4,6,2022,22,210.32
S1MJSDXL,5,6,6,3,4,3,2,3,4,3,4,3,3,3,3,4,4,2022,29,253.4
60TPG636,3,5,4,2,2,2,3,4,3,4,5,5,5,6,7,3,4,2013,620,5922.08
3JU8WRSR,6,6,5,4,5,5,1,1,1,1,2,2,5,4,4,5,5,2021,48,370.47
45C2N920,2,4,2,2,2,2,3,3,3,5,6,5,5,5,6,2,3,2015,304,3419.29
H9P6D07S,7,7,7,2,4,3,3,4,4,5,5,5,5,5,6,4,4,2010,676,6859.89
KUJBCKBB,4,4,5,2,3,2,6,7,6,2,3,4,5,5,5,3,3,2013,380,3649.48
7JIU6Q7U,6,6,5,2,3,4,3,4,5,4,4,4,6,6,6,4,5,2015,336,3253.27
UPX6ZNCA,4,4,3,4,4,4,7,6,6,2,2,3,4,4,3,4,5,2016,182,2291.77
GUTBBHKF,5,5,4,1,1,2,6,7,5,3,3,3,6,6,6,5,4,2017,234,2615.54
QVG5COQW,6,5,6,3,6,5,3,5,4,4,5,5,4,4,5,3,3,2015,264,3039.24
CWZ1KCKX,7,7,7,4,3,3,1,2,3,4,4,4,3,3,3,4,6,2022,31,275.52
WKNXPA5X,3,5,4,4,5,5,3,3,3,2,2,2,4,3,3,5,5,2021,38,353.68
T8CR2G3V,6,6,6,4,5,4,1,1,1,2,2,2,4,3,4,4,5,2022,32,259.78
OBDZN8YW,7,7,6,4,4,3,3,3,2,4,4,3,4,3,3,4,4,2015,608,5734.11
9F6RWVVA,6,7,7,3,2,2,4,2,2,6,6,6,4,4,4,3,4,2015,448,4329.33
ELRRAI88,4,4,3,5,4,5,1,1,2,2,2,2,5,4,4,3,5,2022,28,296.46
U9U97A49,6,6,6,2,2,1,3,4,5,5,6,5,3,4,4,3,5,2016,336,3948.38
79MGDGXL,5,5,4,3,3,2,1,2,1,2,2,4,3,3,2,4,3,2021,34,321.07
45A45I5R,4,5,4,2,4,4,4,4,4,4,4,4,7,6,6,3,4,2015,256,2735.31
C0P2RCJA,3,3,4,3,4,3,2,3,2,1,1,2,3,3,3,4,5,2021,64,634.82
D19HVRPC,3,2,2,2,1,1,1,3,2,6,6,6,5,4,4,3,1,2011,660,6534.1
5CFP06W8,5,6,6,5,7,6,2,4,3,1,1,1,4,3,3,5,5,2022,25,246.71
OEGRD3GT,5,6,6,5,4,5,1,2,2,2,2,2,3,3,3,6,6,2021,52,485.7
KH5O0JDI,6,6,6,4,5,4,2,2,3,4,4,4,2,2,2,3,4,2022,27,241.81
Z0V22R3A,3,3,1,1,2,4,2,3,2,5,5,5,6,6,7,2,3,2016,224,2219.52
EV7GAMLX,6,6,7,1,2,2,1,1,1,3,3,2,3,3,4,5,5,2016,343,3212.98
0RJH8KTB,4,6,6,2,3,3,2,5,5,3,3,3,2,3,3,5,5,2022,24,211.36
SCES7AJL,7,5,6,3,2,3,5,4,3,3,2,2,2,2,2,5,6,2022,26,218.92
7OQNMD4F,6,6,6,2,1,2,3,5,6,4,5,4,4,4,5,3,3,2015,312,2882.4
RMLV1G9R,4,4,5,2,3,3,5,5,6,2,2,3,6,5,6,4,4,2017,192,2019.31
PES9588Y,7,7,7,5,6,5,3,3,2,4,3,4,3,2,3,5,5,2021,72,579.29
O2WQCLAH,5,5,6,3,2,2,3,4,3,4,4,3,4,3,4,3,3,2013,530,4299.17
ZOIT19X9,6,7,6,4,3,4,4,6,4,6,6,6,5,5,7,3,3,2013,460,4952.32
KYG6VSC1,6,6,5,3,2,4,4,5,4,4,6,5,5,5,6,3,3,2015,384,3978.42
HS6DGRNM,6,6,5,2,3,3,6,6,4,6,6,7,4,4,5,4,3,2014,306,3400.24
LVQQHE2U,5,6,5,5,5,3,1,1,2,1,1,1,5,4,4,5,6,2021,48,463.61
C4NNDMQ4,6,6,6,4,4,4,2,4,2,2,2,2,3,3,3,5,4,2022,25,224.7
BV5GMSR0,5,6,6,5,4,5,1,3,3,2,2,2,2,2,2,4,5,2021,32,287.4
FIU8VP0K,4,5,5,3,3,4,2,3,2,2,3,3,5,5,6,4,4,2012,572,6981.08
ZQTLAYG6,4,3,4,4,7,6,4,3,3,1,1,1,5,4,3,4,5,2021,62,583.65
5LRXS3FH,3,4,3,4,6,4,1,2,3,2,2,2,7,5,5,4,5,2022,18,153.06
N7TEVY5M,5,6,6,4,5,5,3,4,5,5,4,3,5,4,4,4,6,2022,17,141.53
U4UGSFFZ,4,4,4,3,3,2,2,3,2,2,3,4,7,6,6,3,3,2015,256,3009.12
POBWGQ8M,7,7,7,4,4,5,1,2,5,1,1,1,4,4,4,6,7,2021,58,516.33
COQUXT75,4,5,5,7,6,5,7,6,6,4,3,4,6,7,7,4,4,2016,252,2590.53
G69BNS36,7,7,7,3,3,3,3,2,2,4,3,2,3,2,2,4,6,2021,44,384.89
5C9XIP1B,5,5,4,3,3,2,6,6,6,4,3,4,4,4,4,4,3,2017,204,2113.72
HSMFI0G4,7,7,7,4,4,4,6,6,5,3,3,4,6,5,6,5,5,2016,238,2354.17
99S1MHHK,5,5,4,3,3,5,2,2,2,6,5,5,4,3,4,3,2,2015,336,3594.18
N33X03HY,6,6,5,6,7,6,1,2,1,2,2,3,3,2,3,5,5,2022,29,292.59
ZN61QBEF,5,5,6,3,2,3,3,4,4,4,4,4,3,3,5,3,1,2010,715,6849.61
O8N8JADZ,6,7,7,5,4,5,3,2,2,3,3,2,4,5,5,4,6,2021,44,399.44
0299BYYS,6,6,5,1,1,2,4,6,6,2,2,3,5,5,6,5,6,2015,320,2475.76
6UZ366B8,7,7,5,4,5,5,3,2,1,3,3,2,2,3,2,5,5,2021,54,507.04
HZ4WVBW8,4,3,3,5,6,6,4,5,5,2,2,3,2,3,4,5,5,2017,234,2772.82
I2K43F34,6,6,6,5,6,6,3,4,5,3,3,4,2,3,3,4,6,2022,31,262.5
I9D1LPBU,6,6,6,5,5,5,2,4,3,3,2,3,5,4,4,5,5,2021,58,573.36
R2N098WC,5,5,4,2,2,2,3,4,5,2,1,2,5,4,5,6,4,2017,198,2404.22
3FTM43ON,4,5,5,2,4,4,2,4,3,2,1,1,3,3,4,5,6,2021,36,340
Y9X23DPP,6,5,6,2,2,2,4,4,3,2,2,2,4,5,4,5,5,2016,231,2288.74
VNZUEPI8,7,7,5,1,2,2,4,4,3,6,6,6,5,5,6,3,3,2014,396,4071.27
DI0MX50O,5,5,4,2,2,2,3,3,2,4,5,5,4,4,4,3,4,2013,360,3309.64
ZHUH1QTH,4,4,4,3,2,3,5,5,4,2,3,3,5,5,6,4,4,2014,387,4383.39
W3FEO0R6,2,3,4,4,4,4,5,3,2,2,2,2,4,4,5,4,6,2022,23,213.07
WU8AX34H,5,2,3,5,5,3,7,6,4,3,2,2,5,5,5,4,4,2016,252,2502.73
JLXM4GC2,6,6,6,5,6,5,2,3,1,3,4,3,5,5,5,4,6,2021,46,336.46
QJRPBEH4,2,2,2,3,2,3,5,6,5,6,6,5,4,5,6,1,2,2013,510,4888.11
DZKUREGO,4,4,4,4,5,5,2,2,1,2,2,2,5,4,4,4,4,2021,58,518.42
3OKMRMBB,3,4,3,3,2,2,7,7,5,2,2,3,4,4,5,5,5,2018,155,1690.62
PJ09VMRK,5,4,4,3,3,3,4,5,3,2,2,2,3,4,4,5,3,2014,378,4151.72
QL03EE6Q,7,7,6,5,4,4,2,1,1,1,1,3,2,2,1,5,4,2021,50,406.18
6ZZ9VK4V,6,6,5,2,2,2,3,6,6,2,3,3,5,4,4,4,5,2015,304,3076.69
99VXKA7X,5,5,4,3,4,3,6,6,6,2,3,3,5,5,6,5,4,2016,217,2435.37
R12871D1,4,5,5,4,5,5,2,1,1,1,1,2,3,3,3,5,6,2021,44,424.5
IXROM12U,5,5,4,2,2,2,4,5,6,4,4,5,3,4,4,4,2,2015,232,2504.63
AE70D8ZJ,7,6,6,2,3,3,4,6,7,5,6,6,5,5,6,5,4,2017,198,2055.06
1YITD21C,6,7,7,4,5,5,3,3,3,5,6,6,4,3,4,3,2,2015,360,3868.48
OV7FQNL3,4,4,3,3,5,4,6,6,4,1,2,3,3,3,2,4,3,2017,246,2612.1
TKJTVBGD,4,6,6,2,2,2,4,5,3,3,4,3,5,5,6,5,4,2013,360,3798.88
XAL1FT62,5,5,6,6,7,6,1,3,2,2,2,3,3,4,2,5,6,2022,27,226.88
IC26B0KL,4,6,5,1,1,1,1,1,1,3,4,4,2,2,2,4,1,2011,480,3947.26
H56FEJWD,5,4,3,3,4,5,5,5,4,4,4,5,5,5,5,4,3,2017,192,2483.22
8CVWDVAZ,6,4,4,3,4,4,4,5,6,1,1,2,6,5,5,5,4,2018,175,1893.4
FBZIEO8M,4,5,6,5,5,4,1,1,1,5,5,5,2,1,1,3,4,2021,44,409.37
Q5WP4JNS,6,6,6,3,4,4,6,6,3,6,5,5,6,5,6,3,4,2016,245,2701.88
FZUAMA1I,6,6,5,4,4,6,3,4,3,1,1,1,5,4,4,6,4,2021,68,620.55
D433P42A,5,5,5,2,2,1,1,1,2,1,2,2,4,4,4,5,6,2021,58,562.32
K6ESPA1G,7,7,6,2,2,3,3,5,4,4,5,5,4,3,2,4,3,2015,296,3369.04
L8BD2J8N,5,5,5,3,2,2,1,2,2,4,3,4,4,4,5,5,5,2015,272,2787.87
UVATK4V5,5,6,5,5,5,5,5,6,5,1,2,3,4,4,4,5,4,2017,192,2221.87
X2F19JSF,6,5,4,2,3,4,3,4,2,5,4,4,6,5,5,3,3,2016,238,2380.79
1P6CMBWY,5,7,6,2,2,4,2,2,2,4,4,5,2,3,3,3,2,2014,432,4412.39
4L3NLCL7,5,5,5,4,5,6,2,3,2,2,2,2,3,4,3,4,4,2022,17,158.54
3CSYC9DK,5,6,6,4,5,3,2,3,5,2,3,2,4,3,3,5,5,2022,18,183.19
R9JCDZMN,2,4,1,5,5,6,2,2,2,2,4,2,4,5,6,3,5,2016,294,2914.68
6H6342RU,3,3,4,4,4,3,2,2,2,3,3,3,3,3,2,3,4,2021,32,303.79
JP1Z2D94,6,7,6,3,4,5,4,6,6,2,3,3,5,4,5,6,3,2015,288,2964.97
J2X5T8XD,5,5,4,4,4,5,1,1,2,2,1,1,4,3,4,5,5,2021,64,588.13
A4SNWO0H,5,6,5,2,3,5,1,1,1,2,1,1,4,3,3,5,6,2022,19,184.78
GFRT3E0E,6,4,3,2,2,3,5,6,4,3,4,4,3,4,4,4,3,2014,468,4203.58
4BABM3R9,4,5,5,4,3,3,1,3,1,2,1,1,2,2,2,5,5,2021,56,524.66
E4PWYMJF,5,5,5,3,3,3,4,6,5,4,4,5,4,4,4,3,5,2017,216,2543.85
Y4OJO80A,6,5,5,4,5,3,6,7,5,1,2,2,3,4,5,4,4,2017,210,2261.05
N5516HO9,3,4,3,2,1,2,2,2,2,4,5,3,5,5,4,3,3,2013,590,6825.46
ICO0ADM5,4,5,4,4,6,6,1,1,2,3,4,4,2,2,2,3,5,2021,50,422.39
4ZQCA4MD,4,5,5,4,6,6,1,1,1,2,3,3,4,4,4,4,5,2021,40,358.5
FFPOMGSZ,5,4,4,5,3,2,7,7,6,4,3,4,5,5,6,4,5,2016,224,2025
2LRATHA3,3,1,1,2,3,3,4,6,4,2,2,3,6,5,6,3,2,2015,272,3043.65
B1ULB45R,4,4,4,3,4,4,1,2,2,4,4,3,7,5,4,3,5,2022,23,211.94
PHY8VF3R,5,5,5,4,5,6,4,4,3,3,2,2,5,4,4,5,7,2021,54,462.12
F8QQILUL,7,6,6,1,3,2,3,4,4,4,4,4,3,3,5,3,3,2014,378,4061.61
355J0BSU,6,5,4,3,5,5,6,6,4,3,2,3,5,5,5,4,4,2015,296,2933.67
XFXW3UF0,4,5,4,2,2,2,3,3,2,4,4,4,2,3,2,3,3,2016,252,2768.78
9BPB3EM2,7,7,7,3,4,3,3,1,3,1,1,1,3,3,3,7,7,2022,24,217.98
2SUM7XY5,4,4,5,3,3,2,6,6,6,2,2,3,5,5,4,4,6,2017,216,2164.19
Y5VJP1OF,7,7,5,3,4,4,6,6,5,2,2,2,2,3,4,5,4,2016,252,2525.22
Q4UYJ1EL,6,6,5,5,6,6,4,6,4,6,4,3,3,2,2,4,5,2022,22,221.04
35RH3XHF,3,5,6,2,2,1,2,3,3,4,5,6,5,4,6,3,1,2010,650,5614.7
XGIO87PW,5,6,6,5,5,6,2,3,3,1,1,1,3,3,2,6,6,2022,29,249.01
7ZWN5QH3,7,7,7,3,2,3,3,3,2,6,6,5,4,4,4,3,2,2012,517,5592.98
7KZI7SJ2,4,5,4,3,3,2,4,5,6,5,3,4,3,4,3,4,3,2015,248,2552.51
2GGD74I6,7,7,7,5,5,5,1,1,1,1,1,1,2,3,4,7,5,2021,36,349.18
MHEN3ZA2,6,6,5,2,2,1,6,6,6,2,3,3,1,1,2,4,4,2017,216,2264.87
N4Z4J8YU,3,4,4,4,4,4,2,1,1,4,3,2,3,3,3,5,4,2022,18,165.71
58CEFR3V,6,6,5,1,3,3,6,7,6,1,2,3,2,2,2,5,4,2015,240,2746.11
KT1LZCK8,5,6,5,3,3,3,2,3,4,4,5,5,2,2,2,3,4,2013,270,2851.06
JEKH5EFE,4,4,4,3,4,6,3,3,2,1,1,1,2,3,3,5,4,2022,29,270.51
LYROJGHQ,4,6,6,4,5,6,5,6,5,1,1,1,4,4,3,5,6,2021,30,277.13
WC29GFX6,5,5,5,4,6,5,5,4,4,4,3,4,7,6,7,4,4,2017,192,1767.43
TN257VJ4,4,5,4,3,3,2,2,3,3,5,6,5,4,5,5,2,2,2012,429,4251.67
S1LBK6W1,4,4,4,1,2,3,5,6,6,1,2,2,7,6,7,5,5,2016,245,2448.16
VVG47I0B,6,5,5,5,3,4,3,6,4,1,2,3,5,4,5,4,4,2015,216,2390.61
R12691HR,4,3,3,7,6,5,4,2,3,4,4,2,3,2,2,3,4,2022,23,205.4
VVPOBZGN,1,2,2,2,3,3,7,6,4,6,5,5,5,5,6,2,3,2015,256,2395.91
R6QGDN8L,7,7,6,4,5,5,1,1,1,6,7,7,3,3,3,2,4,2021,52,451.41
LMQ4LKR4,5,6,6,2,2,2,2,5,6,5,3,3,3,3,3,4,6,2021,56,507.04
3KJ3QH69,5,6,5,2,2,2,6,6,5,1,2,3,6,5,5,6,4,2016,252,2683.83
3Y98OYER,6,6,6,1,1,1,5,6,5,3,3,3,4,3,2,5,3,2016,245,2749.2
CHV1T4X2,5,5,5,2,2,3,3,4,2,2,2,2,3,2,2,4,6,2022,32,305.79
S59185PC,5,4,4,3,4,5,2,2,1,1,1,1,5,5,5,5,6,2021,38,366.35
F46IX5QX,4,3,4,3,3,3,4,5,5,6,4,6,4,4,4,2,3,2014,360,4235.41
U76JZXYY,6,5,6,3,2,2,6,5,4,2,3,3,4,4,4,4,4,2017,222,2330.17
71XAL4SN,6,6,5,2,2,3,4,5,5,3,5,5,4,4,4,3,4,2014,243,2767.8
CYZ8QVM0,7,7,6,2,2,3,2,2,3,5,5,5,3,4,5,4,4,2013,390,3884.55
D56ZC57N,5,5,5,2,4,3,5,7,6,2,2,3,5,5,5,5,3,2016,224,2314.79
AEBZFW53,6,6,6,1,2,3,3,5,7,4,3,3,3,3,2,4,4,2021,52,507.94
SLETIYK9,5,5,4,3,2,2,4,6,5,2,2,3,4,4,4,5,4,2015,232,2516.86
S3SPZNBY,4,2,3,5,5,4,6,7,7,2,2,4,3,3,2,3,5,2017,198,2008.56
N28DMFF7,7,7,7,4,4,4,6,5,5,3,3,4,6,6,6,5,4,2016,259,2919.72
PRP8E0R6,6,6,5,4,5,4,3,5,6,7,7,6,5,4,5,2,4,2016,210,2599.4
21NUOJZU,7,7,7,4,4,4,4,2,1,2,2,2,3,2,2,5,6,2022,21,179.02
YH93GHBW,4,5,5,3,3,3,3,4,2,2,2,2,5,4,5,4,5,2016,308,3183.28
5VA0XVLN,3,3,4,2,5,4,1,2,3,3,3,3,4,4,5,4,5,2022,24,238.95
WUZYB2KM,5,5,5,4,5,6,1,2,1,6,7,4,3,3,4,2,3,2022,20,196.61
VCS8AZCM,4,4,3,7,6,5,2,2,3,4,4,5,3,3,4,3,3,2010,624,6171.76
RDR9N1YQ,4,4,4,4,3,3,2,4,4,3,4,4,6,6,6,3,2,2016,287,3218.01
KFDLRQU0,4,3,4,4,5,5,1,1,1,2,2,3,3,3,2,3,5,2021,52,481.76
EYJUHO4U,5,6,5,6,6,6,2,2,1,2,2,2,3,3,3,4,5,2021,60,548.71
CQIIJIKZ,7,7,6,3,4,4,3,3,4,5,6,6,3,3,3,3,2,2014,333,3187.25
6M9JKIGM,6,7,7,4,4,3,1,2,2,7,6,6,5,5,6,2,1,2011,600,5815.02
EVVQ7BZM,2,1,3,5,7,7,3,6,5,3,3,3,5,5,5,3,3,2015,240,2347.91
N8ILA231,5,5,5,5,5,7,5,5,6,3,3,2,3,4,5,4,2,2014,306,3359.98
HFRKKPF0,3,3,3,5,6,6,3,5,5,2,3,3,5,4,5,3,5,2021,42,407.7
N2ATKA3U,3,3,3,2,3,2,2,4,3,3,4,3,2,2,2,3,3,2021,66,640.45
24U2KWZS,7,6,5,2,2,2,5,5,3,3,3,4,6,6,7,4,5,2012,308,2954.91
BGUCFUJF,6,7,7,3,2,3,2,3,3,5,6,6,3,2,3,3,2,2015,328,2863.86
NBHUYRD1,4,4,3,4,4,4,2,2,3,3,4,5,6,6,5,3,3,2013,420,4165.72
XYRV5RDH,6,6,6,3,3,2,4,6,5,2,2,2,3,2,2,5,5,2014,288,3142.59
76KPMCQI,4,3,2,2,2,3,3,4,5,2,2,3,5,5,5,4,4,2017,228,2521.2
2EG6BW6X,7,7,7,4,4,2,1,1,1,1,2,2,6,5,5,5,4,2021,56,501.74
JMQMJLG1,6,7,6,4,5,4,3,4,2,4,5,4,5,5,5,3,2,2011,588,5092.91
4KU31QMN,6,7,6,4,5,5,1,1,1,4,3,3,2,3,4,4,4,2012,627,6071.81
Q7QY9ZKL,4,4,3,1,2,3,7,7,6,4,4,6,3,5,4,4,5,2014,297,3604.37
97QBWXHH,6,7,7,2,3,2,2,2,2,5,6,5,5,6,6,2,4,2014,414,4489.48
II56TCZJ,4,6,6,4,5,5,5,5,3,2,2,2,3,3,3,4,5,2021,46,407.18
W3OEIFU8,4,5,5,3,3,3,6,6,6,2,2,3,5,4,3,5,4,2017,240,2944.11
4PMYI721,4,4,4,5,6,4,2,2,1,2,2,2,4,4,4,4,4,2022,30,255.72
TM8P9JDN,7,7,6,3,3,3,4,4,5,3,2,2,4,3,5,6,4,2016,238,2586.59
U46H1J8B,5,6,6,1,2,2,2,3,3,6,4,5,5,5,6,4,2,2013,380,3157.47
73JTLCCO,6,6,4,4,4,4,6,6,5,5,5,6,4,4,4,3,3,2016,168,1716.63
XA8B3BNO,4,5,5,2,2,2,2,4,3,5,5,6,4,4,5,3,3,2011,564,5601.72
6G22YYYM,5,3,3,2,4,3,5,5,5,3,3,2,5,5,5,4,3,2015,312,3705.23
SM7YLHH7,7,6,5,5,6,5,7,7,6,3,3,3,5,5,5,4,4,2014,279,2885.95
GDREO22P,7,6,6,3,5,5,2,1,1,2,2,3,4,5,4,5,7,2022,15,129.52
DYCFBJNQ,5,4,4,1,2,2,5,5,4,3,3,3,6,6,6,4,5,2014,342,4120.75
K2K24UAL,7,7,6,4,3,3,2,2,3,3,3,2,4,4,2,5,4,2022,34,251.5
XNCSOJGA,4,5,6,1,1,1,1,3,3,4,3,3,2,2,2,4,4,2022,34,306.11
ING0FJM3,6,5,5,2,2,2,2,5,4,6,5,5,2,2,1,3,2,2014,297,3322.09
LKOXQ74N,6,5,4,4,4,4,6,7,7,2,3,6,5,4,4,4,5,2016,224,2315.19
Q4R3GACM,6,6,5,5,6,6,2,4,4,3,3,3,3,3,3,5,6,2021,68,548.57
0KOQ2HB2,5,5,5,4,4,3,1,1,2,2,2,2,3,4,4,4,6,2022,21,195.12
851LH23A,3,3,4,4,5,6,6,7,6,2,2,3,3,2,3,3,4,2021,48,426.32
QDM43NJN,7,6,6,4,5,3,4,1,1,1,1,1,4,4,4,5,6,2022,21,204.05
YEHW2QF4,6,6,4,5,6,5,2,5,1,2,1,1,3,3,3,5,4,2021,54,512.48
9ZGELHHK,5,5,4,2,2,3,6,5,5,5,3,5,5,5,5,4,4,2017,228,2633.77
TE9HNZK7,3,5,5,4,5,7,1,2,1,1,1,1,3,3,3,6,5,2021,42,369.08
JT6XU9ED,4,4,4,3,2,1,2,1,2,3,4,4,3,2,3,4,1,2014,306,3077.09
03OS53VU,3,3,4,4,5,5,1,1,1,1,2,3,3,3,3,3,5,2021,46,379.08
XOMRZ3BE,6,5,3,1,4,3,3,4,4,3,3,3,6,6,6,3,4,2016,231,2508.68
UFM21JHW,6,6,5,3,3,5,1,1,1,3,3,2,4,4,4,4,5,2022,29,277.42
8NWV2MMJ,5,5,6,5,7,7,2,2,2,2,2,2,2,2,2,5,6,2022,34,301.7
ZKEKAQ9X,5,5,4,2,3,3,3,6,6,3,3,4,5,4,5,5,4,2014,306,3272.71
NTBOF5W2,3,4,3,4,3,2,4,6,6,3,3,4,4,4,4,4,4,2016,280,2915.13
4SER3UF6,6,6,5,5,6,5,4,2,1,4,5,4,3,4,3,3,5,2022,28,257.8
5CUE7WN8,4,5,5,5,4,4,4,4,3,7,6,6,3,3,3,2,2,2015,200,2155.58
NP7RMRLE,5,4,3,2,3,3,6,6,6,2,3,4,5,5,6,5,6,2017,186,1995.94
T9HTN1NS,5,4,4,3,2,2,2,4,3,4,3,3,6,6,6,4,3,2017,228,2731.14
2DH8V2ZG,5,6,5,4,5,4,2,2,2,2,2,2,4,5,3,5,6,2021,48,420.86
U8DNSI23,6,6,4,3,2,2,5,4,5,1,2,3,5,5,6,6,4,2016,259,2882.36
97TQ83OD,3,4,4,4,3,3,5,3,3,2,3,3,3,3,3,4,6,2022,35,304.32
140QYGUD,6,7,6,3,3,4,2,2,2,4,5,4,3,4,4,2,3,2010,650,6574.01
YT7V4UWD,5,5,4,4,5,6,1,1,1,6,4,3,6,5,5,3,6,2022,23,215.45
226W5O9N,6,6,6,4,4,4,6,7,5,1,1,2,5,5,4,6,5,2022,29,263.59
5C8ND00T,5,6,6,4,4,4,3,5,4,6,6,6,5,5,5,3,3,2017,198,1863.59
O56NLK8J,6,6,5,4,5,4,5,6,5,3,3,4,5,5,5,5,4,2017,222,2430.36
G4RBIMF9,7,7,6,3,4,3,6,6,6,1,1,1,3,4,3,6,6,2016,252,2729.22
CH82ZMWM,5,4,4,4,5,4,6,6,6,1,1,1,5,4,4,5,4,2017,186,1913.5
RG5XUEO8,7,7,5,3,3,2,6,6,5,4,4,4,3,4,4,4,4,2017,216,2360.92
Y6QAKTIN,5,5,5,3,3,2,3,5,1,2,2,3,2,2,3,6,5,2022,30,280.67
WH7JAPBU,5,5,4,5,5,4,5,4,4,4,4,4,2,2,2,4,3,2017,162,2140.39
T2WXZ9JA,7,6,6,4,5,5,4,5,3,4,4,5,3,2,2,4,4,2022,33,315.41
PFCAHI1R,3,4,4,5,6,5,3,2,1,4,2,2,3,4,4,3,6,2022,26,218.04
Y7MO91P5,6,6,6,5,6,7,1,3,2,6,4,5,4,3,3,3,3,2021,86,670.44
YBSW08I2,5,6,5,3,3,4,1,3,4,4,4,4,4,3,3,4,4,2021,58,530.76
9UM05F6K,5,5,4,2,2,2,3,3,2,6,6,5,3,4,4,2,4,2014,297,3138.22
VE0JN1NU,3,5,5,5,6,5,3,2,3,4,4,4,3,2,2,3,5,2021,62,556.52
7PAD53CF,2,4,4,5,7,6,2,2,2,1,1,1,5,4,3,4,4,2021,40,358.33
MJB967NU,7,6,6,4,3,3,1,1,1,2,2,2,4,4,4,4,6,2021,60,574.74
4S34GYLF,5,5,4,2,2,3,5,6,5,2,3,5,3,4,4,4,5,2015,248,2935.4
RS8PI7MM,5,5,6,4,5,6,2,3,2,2,2,2,6,6,5,5,5,2021,46,460.76
WSYB0NQY,5,5,5,5,6,5,2,3,2,1,1,1,4,3,3,6,5,2021,38,338.39
WHAHIP14,6,6,5,2,4,3,6,7,6,2,3,4,3,3,4,5,5,2017,204,2006.75
TAHKIV6U,5,4,4,2,3,2,6,6,6,1,2,3,4,4,4,5,4,2014,297,2796.5
39TUV8AV,4,5,4,5,5,4,6,6,5,6,5,7,6,5,6,3,3,2016,203,2157.34
4251NRXV,6,5,4,2,2,2,4,6,6,3,3,5,3,3,4,4,3,2017,210,2299.36
LOGX5JJS,5,6,5,2,2,2,6,6,5,2,3,4,6,5,7,7,6,2017,156,1667.03
S5HSEKGY,3,3,4,3,3,5,2,2,2,5,4,4,1,1,1,4,3,2022,19,172.88
Q1915RE9,6,6,5,3,3,2,4,4,3,3,3,3,3,3,2,4,4,2015,240,2837.39
HZJX9EDW,5,5,4,3,3,3,5,6,5,2,2,2,5,4,5,4,5,2017,186,1990.21
U46NITM9,7,7,7,4,4,4,1,2,2,2,1,1,1,1,1,6,4,2022,25,216.07
FNFYUM3I,6,6,6,4,4,4,5,5,4,3,3,4,3,3,4,4,4,2015,288,3104.8
ZTETM9I7,4,5,5,4,5,6,5,3,3,5,3,3,3,4,3,4,5,2021,66,585.26
6MMIWUL4,4,4,3,1,3,3,1,1,1,1,2,2,4,3,3,4,3,2021,44,371.5
A294CGS2,6,6,5,5,6,4,4,4,4,5,6,6,5,6,7,2,3,2014,459,4953.73
E6L719NW,6,5,6,5,5,5,2,2,2,2,2,3,6,4,3,5,4,2021,58,546.25
LSP5SHGI,6,6,4,2,2,3,3,2,2,2,3,3,4,4,4,4,3,2016,252,2278.68
36KUAMNF,6,5,5,2,3,2,6,5,6,2,3,3,5,5,5,4,3,2016,301,3450.64
EU29GA6B,7,6,6,3,4,4,2,3,4,2,1,2,2,2,1,5,7,2022,23,203.47
BFLTYZBO,5,5,5,2,3,4,4,5,3,6,6,6,4,3,2,2,1,2013,670,6514.67
UCUJ17N0,4,5,4,5,5,4,6,7,7,4,3,4,5,4,4,4,4,2017,168,2055.74
JB7Y738A,6,7,6,3,4,6,3,2,3,4,4,5,2,2,2,3,3,2015,232,1948.03
HU9F35EB,4,4,4,5,5,5,1,1,1,2,1,1,7,6,6,4,5,2022,24,205.41
EMQTPTCO,3,2,2,2,3,5,4,5,6,3,4,5,4,4,5,3,4,2016,224,2700.19
M9MPEOU1,5,5,4,2,2,2,4,5,4,4,4,4,4,5,5,3,5,2015,288,2989.42
F4NGX5LU,4,4,6,3,4,3,2,2,3,6,6,6,5,4,4,2,2,2016,462,4660.74
0EFCGNF8,5,5,5,4,4,4,6,6,6,3,2,3,7,7,7,4,5,2016,217,2199.84
WE9Z4TDD,6,6,6,1,1,1,4,5,3,7,6,5,3,3,5,2,4,2015,264,2952.12
V5WFS1AL,6,6,6,1,2,1,1,1,1,5,4,4,3,4,4,4,4,2022,29,275.63
OK8QLMXP,4,4,4,4,6,5,1,1,1,3,3,2,3,2,2,3,4,2021,30,274.1
7E5H548M,6,7,6,4,5,4,3,6,5,4,3,4,6,6,6,5,3,2016,259,2656.22
UOEB7VXY,5,6,6,6,6,6,3,2,2,5,6,6,4,4,5,2,2,2015,416,4180.71
9KQG6TLN,3,4,3,6,6,5,2,2,3,5,5,4,4,3,5,2,1,2014,351,3444.28
NEVGINCN,5,5,4,5,2,2,6,5,5,2,3,3,4,4,5,4,5,2016,273,2403.79
7OIRXP0E,2,2,3,2,3,3,1,1,1,2,2,2,2,2,2,4,5,2022,22,187.66
9EAG0NZL,5,4,2,3,4,4,3,6,5,4,4,4,5,4,5,3,2,2012,506,5015.17
R74SRBG6,4,4,5,5,6,5,1,4,3,2,3,3,2,2,2,4,5,2022,29,264.43
JJUY6UQB,6,7,6,5,5,6,1,2,3,1,1,1,5,4,3,6,7,2022,27,263.29
SUC9UY8P,7,7,7,2,4,2,2,2,2,3,2,2,5,4,4,5,5,2021,52,461.27
HPCPZR28,5,6,6,5,5,5,3,3,2,3,4,4,4,4,4,3,4,2022,27,232.75
9F9P5SKU,7,7,6,1,2,2,2,3,2,6,6,5,5,5,6,3,2,2014,567,5596.88
KE7QB79O,6,5,4,4,6,6,2,2,2,5,6,6,3,3,3,2,2,2015,416,3747.24
0UKYWGXJ,4,5,3,2,3,4,2,2,2,2,2,2,3,3,4,4,4,2014,378,3735.47
4CSD84AO,5,5,5,2,3,4,4,5,4,5,5,4,2,2,2,3,3,2016,196,1907.11
LUT0JZGO,6,5,6,3,3,4,1,2,2,2,2,1,2,2,2,5,4,2021,48,467.88
T8LHAZ7A,4,3,1,3,4,4,7,7,6,5,4,4,4,4,5,2,3,2015,232,2446.87
XRSR7HGA,4,5,3,5,5,4,7,7,6,2,2,3,2,3,3,4,5,2015,280,3057.8
H6LI2ZGV,3,4,4,5,7,6,3,3,1,4,3,3,3,3,2,4,6,2022,33,275.41
LETTGXF2,5,5,5,4,5,6,4,4,4,4,5,6,2,2,2,3,3,2013,530,5079.83
3M7WRVUT,6,6,5,4,4,2,6,6,6,2,3,2,5,4,4,5,4,2016,245,2615.55
9VQQHGDP,4,6,5,3,4,4,1,1,1,5,5,4,4,3,2,3,4,2022,24,209.06
LI1Q96JN,7,7,6,3,4,5,5,6,6,2,2,1,3,4,5,6,3,2014,369,3874.37
I5BEFXL2,6,6,5,2,2,1,2,3,3,6,5,4,5,5,4,4,4,2015,368,3720.03
63HIQVET,5,6,5,2,2,2,2,2,3,6,5,5,2,3,2,2,1,2012,352,3131.55
9BTW5NU5,4,3,3,3,5,3,3,4,5,2,2,2,5,4,4,4,5,2017,228,2608.66
3C9ROTY1,6,6,6,4,5,5,1,3,3,2,3,3,3,4,4,4,5,2021,56,527.59
PRH7KDRI,6,6,5,3,4,4,2,2,1,2,2,2,3,2,2,4,5,2021,58,456.7
I0QS8J8L,2,4,4,5,5,5,2,1,1,1,2,2,4,4,4,4,4,2021,54,522.89
D8X9P3BY,4,5,4,4,4,5,1,1,1,2,2,2,3,3,3,4,5,2022,24,224.09
9RS8W3U0,5,5,4,4,5,5,1,1,1,2,3,2,5,5,4,3,3,2021,60,511.49
3BAIKWAT,5,5,4,4,3,4,5,6,6,3,3,3,5,5,5,4,4,2017,210,2287
K7BGZ5NH,7,6,6,3,3,6,2,3,3,3,4,5,4,4,4,4,5,2015,288,2646.37
R2HKTH40,5,5,6,3,2,2,2,2,3,3,4,4,4,3,5,3,1,2011,396,3907.34
QJ6IG3EW,6,6,6,4,5,5,3,1,2,5,4,3,2,2,2,4,4,2021,60,532.67
A0EPWEM9,5,5,4,3,5,5,3,4,4,7,7,7,4,4,4,2,4,2016,147,1560.95
EOZ2LF7M,5,6,6,5,5,3,2,3,1,1,1,1,4,4,5,6,7,2022,22,178.85
SUYO4ZP3,3,2,2,4,4,5,2,2,2,5,4,4,4,3,5,2,4,2015,440,4614.53
BFOB87DM,6,4,3,3,4,3,5,4,5,3,3,4,4,5,6,4,3,2017,258,3127.02
M1VOV5AT,4,3,4,3,4,3,5,3,2,2,2,1,2,2,2,4,4,2022,21,202.5
MHEESDFT,5,5,4,3,4,4,4,6,6,2,3,2,6,5,6,4,3,2015,216,2386.51
8LF20VG9,5,5,5,2,2,2,5,6,6,3,3,3,5,5,5,4,5,2017,252,2762.55
50K1IUNF,6,6,6,4,6,6,2,3,3,4,3,3,3,3,3,5,6,2021,62,550.66
DP5H06UL,4,5,6,7,7,7,1,2,2,3,3,4,1,2,2,4,4,2021,38,374.24
T02JKK2H,6,7,6,4,6,7,2,2,2,2,3,2,3,3,4,4,5,2022,21,183.9
TQSYIJU5,5,6,6,3,4,5,3,4,2,2,2,2,4,3,2,5,6,2022,22,212.07
AZVERCTS,5,4,4,5,5,4,3,5,4,2,2,1,6,6,7,4,3,2017,264,2619.39
ENP2QJKN,5,5,5,4,5,5,3,7,6,3,3,4,5,4,4,4,6,2021,46,422.63
VK8HUX5C,5,5,5,5,5,5,3,4,3,4,4,4,3,3,3,4,5,2022,21,169.55
SQYOHC2Y,5,4,4,5,5,5,4,6,4,4,3,3,2,2,2,5,6,2022,27,246.39
TFYQZYNS,5,6,4,3,4,5,6,6,4,1,2,2,3,3,3,5,4,2016,266,2500.53
XIMPIXDN,4,2,3,3,3,2,6,6,5,2,2,3,3,2,4,4,4,2016,301,3280.53
R1N7FSYV,6,6,6,3,4,5,2,3,3,4,5,4,4,4,5,4,6,2021,66,622.83
IHA3714S,4,3,3,5,5,6,5,5,5,5,4,4,4,4,3,4,3,2017,234,2378.37
NGFSRQI8,6,7,6,5,6,5,3,2,2,7,5,3,3,2,2,3,4,2022,19,171.64
D6S58BOJ,6,6,6,3,4,4,5,5,5,2,3,4,3,3,4,5,3,2016,266,2898.88
0IXT00YJ,5,6,6,3,3,3,3,6,5,1,1,2,2,3,3,6,4,2017,180,1915.45
E12ZTFNR,5,5,5,2,2,2,6,7,5,3,3,4,3,3,3,4,5,2015,304,3615.62
L58ZKMHK,6,6,6,2,2,2,2,3,3,6,6,6,4,3,5,2,2,2016,196,1739.28
RNQI8U6X,5,3,3,3,4,4,1,2,3,1,2,1,2,2,2,4,4,2022,23,183.43
4AYKXY23,4,4,4,2,2,2,7,7,6,3,4,4,5,5,6,4,5,2016,294,3325.85
W2ZK2Z74,7,6,6,5,6,4,2,5,2,2,3,3,1,2,1,4,5,2021,58,559.12
ST24DA2X,6,7,6,4,5,4,1,2,2,4,4,4,4,3,3,5,5,2022,30,278.16
RMIS8TVP,7,7,7,1,4,4,4,2,1,2,2,3,2,2,2,6,7,2022,25,197.12
Q4RRCPFZ,6,6,5,3,3,2,4,4,3,4,6,6,2,2,2,3,3,2016,322,3260.82
BPRGWCFJ,6,7,6,3,4,3,1,1,1,1,1,1,5,4,5,5,5,2021,42,387.05
BHETMGJI,3,2,2,2,2,3,4,5,5,2,2,3,5,5,6,4,5,2017,210,2186.35
QUTRP9SW,6,5,6,3,3,2,2,2,4,3,3,3,5,4,4,4,4,2018,160,1849.06
M69JPYGQ,4,4,4,2,3,3,4,6,4,4,5,4,4,4,3,3,4,2017,210,2384.72
MU8DNTUK,6,7,5,2,2,3,2,3,3,4,4,3,3,3,4,4,2,2012,583,6518.62
9I0O0OF7,5,5,5,7,7,7,4,4,6,1,2,3,6,6,6,4,5,2015,320,4070.57
YT1CL1DK,7,7,6,2,2,2,2,3,2,3,4,2,6,4,5,4,5,2017,282,2617.96
SN4RPA3X,7,7,7,3,3,3,4,5,4,4,3,3,3,3,2,5,2,2011,432,4220.33
9A7OUXFQ,6,6,6,2,3,4,1,1,1,2,2,2,6,4,3,4,6,2021,40,325.07
NEEDARUK,4,5,5,4,4,3,2,2,3,2,3,2,7,6,6,3,5,2021,52,494.01
S957R41I,6,7,6,3,4,5,3,4,4,4,5,3,4,4,4,4,4,2021,64,548.02
1KB33R11,5,6,5,6,7,6,1,1,1,2,1,2,3,3,4,6,6,2022,28,275.84
DL5TFO7T,5,5,6,5,6,5,1,1,2,5,5,4,2,2,2,3,4,2022,31,279.02
2QM4687N,7,7,6,3,2,3,3,4,5,4,5,5,5,5,5,3,4,2016,182,1760.95
G9R4KFHB,6,5,5,4,4,5,2,3,3,2,2,2,3,4,3,5,6,2021,42,385.91
N2VPEMTU,4,3,3,3,3,3,1,2,3,4,5,4,4,4,4,3,3,2016,280,2782.23
TS84M9K1,5,5,6,4,4,5,4,3,2,3,2,3,3,3,2,6,5,2021,48,427.14
8MHY548Z,4,5,4,3,4,6,4,2,1,2,3,3,4,3,3,4,6,2022,30,267.5
TKGKOVXR,4,4,4,4,5,6,2,2,1,3,3,2,3,3,3,4,6,2022,29,233.49
SIO5WDH4,4,5,5,2,2,3,2,2,1,3,4,4,3,3,4,3,4,2013,350,3507.93
9XCO2JLP,5,6,5,5,4,3,6,5,4,5,4,4,5,5,6,5,5,2015,280,3352.46
NJP06EDH,4,6,5,4,4,3,4,6,5,6,6,6,3,3,4,4,1,2010,442,4960.51
7FTWP3UF,5,6,5,2,2,2,5,6,6,4,5,5,6,6,7,4,4,2016,182,2059.13
H0338YZD,6,6,5,3,3,3,3,4,4,2,2,2,2,3,4,5,6,2021,48,468.18
CKIE3LSS,5,5,4,1,2,2,3,3,5,3,3,4,4,4,5,4,3,2017,186,1996.72
Y9VFXCIX,4,4,3,3,3,2,6,7,7,4,4,4,6,6,7,4,3,2016,224,2441.79
SJNXVEUA,5,6,5,4,6,6,3,5,4,2,2,3,4,3,3,5,4,2021,50,501.02
2QUOJYA6,5,7,6,3,4,3,2,2,3,3,4,6,5,4,3,4,3,2016,406,4325.98
NN9SD40R,7,7,7,3,3,2,4,6,6,2,2,1,2,3,3,5,5,2015,368,4132.35
JDG5OF0M,5,4,4,2,2,2,1,4,3,2,2,3,4,4,4,4,3,2017,204,2079.24
0AMTL4XU,5,4,4,4,5,5,5,6,6,2,3,4,4,4,5,4,3,2016,224,2784.35
NXRNENFD,3,2,2,1,1,1,1,2,2,4,4,3,3,3,3,2,4,2016,259,2701.02
K6W4KG6S,5,5,5,1,2,2,4,6,6,4,4,6,6,6,7,4,5,2013,360,3977.24
041GNXW8,7,7,6,3,4,4,4,6,5,4,3,3,5,5,5,5,3,2017,198,2256.25
104ZDIP8,3,3,2,3,4,4,5,5,3,4,4,4,3,3,4,2,1,2013,520,6604.69
UDJVLSA0,5,4,4,3,2,2,6,7,5,3,5,6,6,6,7,3,4,2017,174,1819.65
LW3TXUW1,5,4,5,3,5,5,1,1,2,1,1,1,4,5,5,4,6,2021,56,440.43
W73WMQD7,6,6,5,3,2,3,1,1,1,2,3,2,4,4,4,5,4,2015,360,4111.58
RLO003PD,7,7,6,3,3,4,2,2,1,3,2,2,2,1,2,6,6,2021,46,472.68
LRAL98VD,1,3,2,3,3,3,2,2,3,1,1,1,3,3,3,5,6,2021,40,363.79
93UZ4OR2,4,5,5,3,4,4,1,1,1,2,2,2,5,4,4,4,5,2022,21,162.48
435L6KHX,4,5,3,4,4,4,6,5,5,1,2,3,4,4,4,4,5,2016,273,2913.89
CH6ITW73,6,7,6,3,3,4,1,3,2,2,2,3,5,5,4,5,6,2022,27,225.82
9GBQSDSA,5,5,4,2,2,2,5,5,4,3,3,4,2,3,3,5,3,2016,217,2388.48
BB06MLZJ,5,5,5,5,6,5,3,3,1,3,2,3,5,6,6,4,5,2022,27,236.47
0ZS7L1B4,6,7,7,2,3,3,2,2,2,3,2,3,4,3,3,5,6,2022,26,229.5
5LUANYUI,6,7,6,3,4,3,1,1,1,2,1,2,1,1,1,5,6,2021,66,597.67
SXDKX0DF,6,6,4,5,4,4,1,1,1,4,5,4,2,3,4,3,3,2014,342,3687
VAIS66HZ,7,7,6,3,4,6,4,4,2,3,5,5,3,3,3,3,4,2014,405,3790.36
IURT2P18,6,4,2,1,2,1,5,7,7,3,4,5,3,4,3,3,4,2015,304,3171.7
AEGFGSO1,2,3,4,2,3,3,4,2,2,1,1,1,3,3,3,4,4,2021,70,667.04
HEA7VV0X,5,6,5,2,2,2,4,6,3,2,3,3,4,5,5,5,4,2015,400,4312.8
04UF5AVY,5,7,6,2,2,4,3,5,5,4,5,5,4,4,5,4,4,2015,384,4152.49
EGAVNR2J,5,4,3,2,3,2,6,6,6,3,3,3,5,5,5,4,5,2013,340,3763.07
YCSR4I8P,5,5,4,5,6,5,6,6,6,4,4,4,3,4,4,4,5,2015,304,3690.75
PVV9XI10,4,5,4,2,2,3,2,3,3,4,4,5,2,2,2,3,2,2015,408,3894.9
XMDBMRVJ,6,6,6,4,5,5,1,3,1,3,3,3,5,4,3,5,7,2022,29,267.34
B93K9SOF,7,7,6,5,6,5,3,5,3,3,4,3,2,3,2,4,6,2022,33,282.97
QLEQT2G0,6,7,6,3,3,4,3,3,3,2,4,4,5,6,5,4,6,2021,66,602.84
I0IWDZC6,5,5,4,2,2,2,3,5,6,2,2,2,5,5,5,5,3,2016,245,2603.27
JCTRXK2N,4,5,4,4,5,4,4,3,1,2,2,2,1,1,1,4,4,2022,29,267.37
JPA6QDJM,6,5,4,2,5,4,2,5,6,3,3,4,4,4,4,4,5,2016,196,1864.95
R8YFHYZ8,3,5,4,2,1,1,4,5,4,5,5,5,3,4,4,3,2,2014,216,2190.39
GDXBAXUM,5,4,5,2,3,3,2,4,4,6,5,6,7,6,5,4,5,2017,210,2187
6XOCDPDK,4,5,5,4,5,4,1,2,2,3,3,3,4,3,3,3,4,2022,29,269.35
99C1BJII,3,3,5,3,4,4,3,5,3,3,4,3,4,4,3,4,5,2022,24,225.77
TC8EWDJV,4,4,4,4,3,3,1,1,1,2,5,4,3,3,4,3,4,2022,23,205.02
B0LKZ6KW,6,5,4,4,4,4,4,5,6,2,4,4,4,3,3,5,4,2016,252,2562.7
HP8RNY33,7,5,5,1,2,2,5,4,4,3,4,4,4,4,3,4,3,2015,280,3430.88
G82MR3UQ,4,4,4,3,3,3,5,6,5,2,4,5,3,3,4,4,3,2017,222,2194.67
ODQLE6TS,7,7,7,5,4,3,6,6,6,5,5,4,6,5,5,3,5,2017,216,2384.52
SPKPGR0P,5,6,5,3,5,5,2,2,2,3,3,3,3,3,4,4,5,2022,28,229.13
7T7VVQ9F,4,5,4,5,6,5,1,2,3,3,2,3,2,2,2,4,6,2022,30,229.05
JLGE3X05,6,6,6,1,2,1,4,5,4,2,2,3,4,4,5,5,4,2017,276,2997.82
FO5P872O,4,2,3,6,7,6,5,6,6,3,3,4,4,4,4,3,3,2016,245,2565.2
WUHN3NOB,6,5,5,3,3,4,6,6,5,2,1,2,3,3,4,5,3,2016,273,3264.18
THWR94T4,4,2,2,5,4,2,6,7,6,3,3,3,4,4,4,3,3,2016,238,2874.88
XZX7ZZ2V,5,5,4,3,4,3,7,7,6,1,1,1,5,5,4,5,4,2016,210,2686
2CLLZK4K,7,6,6,2,3,3,6,7,6,3,3,4,3,4,4,5,5,2016,273,3307.52
40LNRGR8,4,4,3,2,1,1,5,5,6,3,3,3,5,6,6,4,5,2016,189,2035.5
4F927HFY,6,5,5,5,5,4,5,5,6,5,4,6,6,5,6,3,5,2014,252,2865.92
ZOBHV0W7,6,7,6,3,4,3,2,2,1,3,4,4,1,2,2,4,6,2021,64,623.05
TLL44FZE,5,4,5,2,3,4,4,3,3,6,6,5,5,5,5,3,4,2014,513,5103.2
N3NJ6U1W,5,4,3,3,4,5,6,5,6,3,3,4,6,6,6,3,6,2018,190,1903.44
R0MEXMR4,6,5,5,3,3,2,3,4,4,3,2,2,5,5,5,4,4,2016,259,3149.18
E2WCCH5T,5,5,5,3,4,5,1,1,1,1,1,1,1,2,3,4,4,2022,36,267.69
AI3A30SR,4,4,5,2,3,3,3,5,5,4,4,4,4,4,4,4,2,2014,522,5760.23
U2FPWXAH,6,6,6,1,2,2,3,3,3,6,6,5,4,4,4,2,3,2016,371,3710.02
E2DK5MHZ,3,5,5,5,5,7,4,3,3,4,4,4,4,4,3,4,6,2021,54,451.19
A3DXQ6L7,7,7,6,2,4,4,3,4,3,2,4,3,3,3,3,5,5,2014,333,2970.68
6W86KJ9R,6,6,6,3,3,3,4,4,3,4,4,4,5,5,6,4,3,2016,231,2644.53
Z6T0WC0U,4,3,3,5,4,4,4,6,4,2,3,3,5,6,6,4,4,2016,231,2722.59
SEKXH77K,2,2,1,3,2,3,2,3,2,6,6,5,5,5,5,2,3,2016,350,3783.11
K42VZVOT,7,7,7,3,4,4,2,4,3,1,1,1,4,4,4,6,6,2022,27,237.46
6I1RWX97,1,3,3,4,4,5,1,1,2,3,2,2,3,3,2,3,5,2022,19,164.34
W2MY8GHN,4,4,4,1,2,1,6,7,6,4,4,5,4,4,4,4,4,2014,180,2014.9
7W2ZPDCR,6,6,6,3,3,2,3,2,2,6,6,6,4,3,4,2,1,2014,468,5140.27
HBYIJN4L,7,7,7,5,4,5,2,1,1,2,2,2,4,3,3,5,5,2021,50,393.55
5E33NR1F,6,5,4,2,2,2,5,6,5,2,3,3,3,3,4,5,6,2017,288,2671.42
5QAHCPQA,5,4,3,4,4,4,2,4,3,6,5,3,6,5,6,3,2,2015,400,4581.65
BEO6BPKL,3,4,3,4,4,3,4,4,5,1,3,5,3,3,2,3,5,2016,245,3100.51
C7Z7SWUC,1,2,3,7,7,7,1,2,5,4,3,4,4,4,3,3,6,2022,28,253.02
U2SXKOVT,6,6,6,4,4,4,3,3,3,6,6,5,6,7,7,4,4,2013,330,2954.29
UAYAZFP8,5,6,5,3,4,4,1,2,2,6,6,5,3,4,4,2,3,2014,459,3954.79
8SG9Z6X5,6,6,6,5,7,5,3,1,1,3,3,2,3,4,4,4,6,2022,27,233.54
ZLFA4IMB,5,6,5,1,2,3,1,3,2,5,5,4,4,4,3,4,2,2015,456,4821.17
ZRT9E5TL,5,5,4,3,3,3,2,3,2,5,5,5,5,5,6,3,4,2016,315,3318.75
3X2VHMGT,6,5,5,4,4,4,1,1,1,2,3,3,2,1,1,4,5,2022,27,211.16
0F2WVXN8,6,6,5,5,7,7,7,7,5,1,2,3,5,4,5,6,4,2016,252,2339.68
I8PUG5QO,6,5,4,1,2,1,6,6,4,2,3,3,3,2,2,4,4,2016,252,2852.12
PPFKB2MT,5,7,5,4,4,3,2,4,2,1,1,1,3,3,3,5,4,2021,48,470.54
OH3MFGWR,7,7,7,4,4,5,5,6,6,4,5,5,3,3,5,5,2,2012,506,5410.98
LVOIC0Q6,6,6,5,5,6,6,2,2,1,2,1,3,4,5,5,5,5,2021,38,347.49
1QBH8T3S,4,5,3,2,2,2,4,6,4,2,3,2,5,5,5,4,3,2011,540,5629.16
CY1F9VFD,4,4,3,3,2,5,2,2,2,4,5,4,2,2,3,3,1,2013,500,4910.6
DQOXK7MK,6,6,6,5,5,6,2,2,2,4,3,2,4,5,3,4,5,2021,46,487.57
43GL2P3L,7,6,5,6,4,3,4,4,3,2,2,3,4,3,5,4,5,2016,308,3690.21
QR4I5TGY,6,6,6,6,7,7,1,1,1,2,3,2,2,2,3,5,6,2021,70,567.68
5M2WBL4K,1,2,2,2,3,4,3,2,3,4,4,4,2,2,3,3,4,2022,26,252.37
SX8E20CB,6,6,5,4,5,5,4,4,1,1,2,1,6,5,3,5,4,2021,58,570.69
1SJ3NEVH,4,7,6,3,2,3,2,2,2,4,4,4,3,3,4,4,4,2014,513,5020.27
IH39OZKA,6,5,4,1,2,2,3,5,6,2,2,2,6,6,6,4,5,2016,189,2260.46
07R3T2L9,6,6,6,2,3,3,1,1,3,4,6,6,2,2,3,3,3,2015,328,3292.9
HI4YG3IP,3,3,2,5,4,4,4,5,4,2,3,3,3,3,3,4,5,2016,238,2996.05
PCD2S3FC,5,6,6,4,3,2,1,2,1,2,3,3,4,4,4,4,5,2021,58,460.26
UF2LRN8H,4,4,3,4,4,4,7,7,6,5,3,4,5,5,5,4,4,2017,222,2279.2
6D4AHS4U,6,5,5,2,3,3,2,3,3,3,4,2,3,3,4,3,3,2015,392,4231.38
1K21WH6U,4,5,5,4,5,4,3,3,3,6,5,4,3,3,4,4,3,2021,42,404.81
WDPH6KKZ,6,6,5,3,4,5,1,3,3,3,4,3,3,3,2,5,4,2022,20,183.36
3M4MHFIQ,6,7,5,4,3,2,3,5,4,5,3,3,4,5,6,4,4,2015,336,3317.38
ZGEEOQVY,7,7,7,3,3,2,2,4,1,2,2,2,1,2,1,6,6,2021,64,561.35
5CX145TP,4,4,4,3,4,4,4,5,5,5,4,5,5,5,4,3,2,2015,312,3796.3
BEG3ZTUI,6,7,6,3,3,3,4,5,6,6,6,5,5,5,5,4,4,2017,270,2905.16
KU23JPRZ,5,5,5,3,2,4,2,2,3,5,5,5,5,5,5,3,4,2015,344,3905.94
AZAPEJX7,4,4,3,5,4,3,6,7,6,1,3,3,5,5,6,3,3,2016,301,3380.27
8FVVRSJS,6,5,6,5,6,3,4,6,6,6,5,5,6,6,6,3,3,2016,259,2810.09
CUI8YKF9,5,5,4,5,4,4,2,3,4,4,4,4,4,5,5,3,3,2014,414,3897.93
VUZS5WAL,6,7,7,2,3,3,4,4,4,1,1,2,4,3,3,6,7,2021,64,586.68
B6L8GLM2,5,5,5,5,3,3,1,3,2,2,1,1,6,5,4,6,7,2021,54,466.49
2OW7XYQU,5,4,4,3,3,2,4,6,4,2,3,3,3,3,2,4,4,2017,204,2239.38
K1UJH5E1,4,4,4,1,3,3,2,2,2,1,1,1,3,3,3,4,6,2022,27,229.2
P4SKJ4OX,6,5,5,4,4,3,5,6,4,3,2,4,4,4,4,5,4,2017,168,1729.56
U6JIKHSH,3,3,2,1,2,2,2,2,3,6,5,4,4,5,4,2,1,2014,315,3252.59
Z0CPHLON,4,5,6,4,5,6,1,3,3,1,1,1,3,3,4,6,5,2021,44,355.64
RTV0T2AM,3,5,5,4,5,5,2,2,3,7,6,4,3,2,3,3,4,2022,32,286.64
1EJIZ02E,6,6,5,4,5,4,6,3,2,2,2,3,4,4,5,5,4,2021,60,517.89
R5RFURCM,5,6,5,2,2,1,2,1,2,2,3,3,2,3,2,4,2,2014,477,5492.53
YNM6BMMC,7,6,5,4,5,3,2,2,1,1,1,1,2,2,3,5,5,2021,74,645.6
N4XSSSFF,4,5,6,3,3,4,1,2,2,2,2,2,2,2,1,4,5,2022,27,256.61
N6SL63RK,5,5,3,2,2,2,5,4,6,2,2,3,4,4,5,5,3,2017,228,2592.72
7PIMN88G,5,6,6,4,5,6,1,2,2,3,3,3,3,2,2,4,5,2022,32,273.63
7V0WWM1V,5,5,4,4,3,4,2,2,2,4,3,3,5,4,4,4,4,2016,252,2709.18
09NLU2KE,3,5,5,3,3,3,2,2,1,2,3,4,4,4,4,4,6,2021,44,408.99
WNQHLN8H,3,5,5,2,3,3,1,3,4,3,4,4,3,3,4,4,2,2013,300,2908.46
OSQJUM9N,6,7,7,1,2,3,1,1,1,2,3,3,3,3,2,6,6,2022,30,287.36
ET7S0UHT,7,6,5,3,3,2,6,6,6,4,4,5,5,5,4,4,4,2014,378,4439.82
PYDXRJ9H,5,5,4,2,2,2,3,4,3,4,5,4,3,3,4,2,2,2016,238,2317.16
JHNKW8AQ,5,4,4,2,2,3,5,7,6,2,2,4,3,4,5,5,3,2015,200,2405.49
F17BGS7R,7,7,7,3,4,3,3,5,3,1,1,1,7,6,6,6,7,2022,26,230.37
ZGH4U2C6,6,5,5,4,3,3,6,6,6,4,4,5,2,2,2,3,3,2015,208,2340.96
P94C44J4,5,5,4,4,4,3,5,6,5,2,2,2,5,5,6,4,5,2017,264,2893.18
DPFW0L1S,5,5,4,5,5,5,6,6,6,2,3,3,7,6,7,4,5,2015,264,2845.92
GIUGCJXH,5,6,7,4,4,3,2,3,3,5,6,6,3,4,4,3,3,2014,423,4300.16
Y96GJMIE,7,6,6,4,2,1,6,6,5,5,4,5,7,5,6,4,4,2017,222,2886.23
ICC3JMWS,3,4,5,4,6,6,1,1,2,3,2,3,2,2,3,3,5,2021,36,324.6
6TMJIK3B,4,5,5,4,6,5,2,3,2,1,1,2,2,2,2,5,4,2021,28,239.22
VIHZJ0X8,4,5,5,4,5,5,4,6,3,3,2,2,4,4,5,5,4,2021,40,363.93
DLXL5NGB,6,7,7,3,4,5,5,4,2,4,4,3,4,5,3,4,5,2022,37,348.65
EQSZ6SBA,6,6,6,6,5,6,1,3,2,2,2,2,3,2,2,5,5,2022,31,297.86
9VXPXVH7,4,5,3,1,2,2,3,2,2,5,5,5,3,3,3,3,3,2011,480,5113.07
ALNBXSAG,6,7,6,3,5,4,2,3,2,5,5,4,3,4,3,3,5,2021,62,554.19
G4RFE31N,5,6,5,2,4,3,1,1,1,6,6,5,3,3,4,2,2,2013,610,5471.79
EJWWH75U,5,6,5,4,3,2,6,7,4,3,3,4,2,3,2,5,4,2015,288,3849.39
OKB7QDNG,4,4,3,4,3,3,2,3,2,6,5,5,4,4,4,2,3,2012,187,1900.47
XRM94KGY,3,4,4,3,3,3,1,1,1,2,3,2,4,4,3,4,5,2021,54,514.49
S6V8TZ3E,6,6,5,3,3,2,7,7,6,3,3,3,6,5,5,6,4,2017,204,2347.99
LGN0IV8B,7,7,6,5,5,5,1,1,1,3,4,3,5,5,5,6,5,2021,40,386.42
71VYX9K5,4,4,3,2,2,2,6,6,5,4,4,5,4,3,4,3,4,2014,306,3428.76
HKQ54F4W,5,4,3,4,6,6,4,6,5,3,5,5,6,5,6,3,3,2016,224,2180.55
5E8M8E0V,6,6,7,4,5,4,3,3,2,2,2,2,4,3,3,5,7,2022,22,193.09
4AS42DDT,5,6,5,4,5,5,2,4,3,3,4,4,1,2,2,4,4,2021,62,500.77
5DGSQ06L,4,6,6,4,5,6,2,1,1,2,2,2,2,2,2,5,6,2022,44,437.25
9LSH4Y7H,4,2,1,4,5,3,5,5,5,1,1,1,5,4,4,4,3,2017,210,2477.79
V9YPOHY6,5,5,3,4,4,4,4,2,1,3,3,2,4,4,4,5,6,2022,29,282.86
3Z5JFBXT,2,4,4,4,5,5,2,3,2,4,4,4,3,4,3,4,5,2022,26,209.93
564I1NCA,4,5,5,5,4,5,4,4,2,4,4,4,2,2,2,4,6,2021,52,481.98
CNYXJLXI,7,6,6,2,2,4,2,2,4,5,5,5,7,7,6,3,2,2011,456,5155.69
SDOYKRTW,6,5,5,3,2,3,5,5,5,3,2,4,6,6,6,5,5,2016,224,2639.3
V0PZR390,2,3,2,5,5,6,2,1,3,3,3,3,6,6,5,3,5,2022,23,185.53
XMXE4PQA,5,4,4,2,4,3,6,6,6,2,2,3,2,3,3,4,6,2017,168,1671.75
2T2DT7G4,6,7,5,3,4,4,2,6,5,5,4,3,1,1,1,5,6,2021,34,293.39
KT3GYHUZ,6,6,5,3,5,3,2,1,2,2,3,3,4,4,3,5,6,2022,28,256.31
9UP27IV6,7,7,5,2,2,2,5,4,4,4,4,6,1,1,1,4,4,2017,162,1731.94
G0I0LV1T,6,4,3,3,4,3,5,6,4,3,4,4,5,5,6,3,4,2016,252,2625.26
0TMIWTYX,5,5,5,4,3,3,6,4,4,7,6,6,6,6,7,3,4,2016,259,2899.77
VJI8DLSS,5,6,6,4,5,5,2,3,2,1,1,1,4,5,4,5,6,2021,62,558.42
4BZQZAR1,3,3,3,2,2,2,6,6,6,1,2,3,4,2,2,4,3,2016,315,3635.09
HSYTYWLA,4,3,3,4,2,2,5,6,5,2,3,3,4,4,4,4,4,2018,140,1580.73
PGS3DD06,5,5,4,3,4,3,4,4,2,6,5,6,5,4,5,4,5,2017,186,2047.24
P8O5FB1L,6,5,5,5,5,5,2,3,3,4,4,5,4,4,4,3,6,2021,70,619.18
8NFU5UOV,6,6,6,2,4,4,2,3,3,2,3,2,3,3,4,5,4,2021,64,625.09
WFFSRIBH,6,6,6,5,5,5,2,3,2,1,2,2,4,4,4,5,6,2021,56,469.67
YCA99AC8,3,3,2,3,3,3,4,5,4,2,2,3,4,4,4,4,5,2016,245,2378.96
FONA3IT3,5,5,5,3,4,4,5,4,5,5,5,5,5,5,6,3,5,2017,186,2083.33
BDULWJTT,6,6,5,1,1,1,5,7,6,4,3,4,5,5,5,5,4,2017,222,2433.22
ZXP735BT,5,5,6,5,7,7,2,1,1,4,4,3,2,2,2,3,3,2021,44,387.47
ZXH94AAP,5,6,5,2,3,3,4,6,5,3,4,5,3,4,5,4,5,2016,273,2848.48
7QXUD895,4,3,5,2,3,2,1,2,1,2,3,3,4,3,2,4,4,2022,31,298.79
QZQTI8FZ,6,6,6,1,2,2,3,4,3,6,6,5,5,5,6,3,3,2012,440,4794.23
FS4K0ASR,4,3,2,3,2,1,6,4,3,3,3,3,6,6,7,4,5,2017,192,2155.62
TEG74U88,3,3,3,3,4,5,2,5,1,2,2,3,3,4,4,3,6,2022,26,238.55
KEIUULVF,5,5,4,4,4,4,1,3,2,3,3,2,2,2,2,4,4,2021,44,340.57
5MW54OLH,5,5,4,4,6,5,4,5,6,4,4,5,3,4,4,4,3,2017,204,2078.56
9CAAYO1C,6,6,6,3,3,5,3,3,4,2,2,2,5,4,5,5,6,2022,21,202.78
MW5IIKX5,6,6,5,3,4,4,4,6,6,2,2,3,5,4,5,6,5,2017,258,2642.81
31DHX33T,5,4,4,6,5,5,5,4,4,3,4,6,7,6,7,3,5,2016,189,2160.18
SYYG2O44,6,6,5,2,2,2,6,6,4,3,3,4,3,3,4,4,3,2016,280,2882.99
C0QMYU50,7,7,7,2,2,2,5,4,3,4,4,5,4,4,6,4,3,2014,360,3298.96
QVWX5HYW,7,7,7,5,6,6,1,2,1,2,2,1,4,3,4,5,6,2021,52,405.98
H9JBIRO3,3,3,3,2,3,4,3,5,5,2,2,3,6,6,6,4,3,2015,248,3133.27
PG2K8QY6,4,5,4,4,3,4,4,6,6,1,1,1,1,1,2,6,3,2017,216,2427.59
XBSJ1HRM,6,5,4,4,4,4,6,6,6,3,3,3,4,3,4,4,5,2016,196,2151.85
OBFVNSJ9,5,5,5,2,3,3,5,4,4,1,2,3,6,6,7,4,5,2015,280,3070.46
0JG5U2H7,6,6,4,4,4,5,1,1,1,3,4,3,3,3,3,4,4,2022,35,303.4
88H3O7IX,4,4,3,3,3,3,6,6,4,2,2,3,2,3,3,4,3,2015,240,2719.03
6XOS7HXN,6,5,6,1,2,1,2,3,3,4,4,4,4,3,3,4,3,2016,287,2804.6
WPEY5NNU,6,7,6,1,1,1,3,3,3,6,5,5,3,3,4,4,3,2012,539,5194.44
WDTHEHB5,5,7,7,2,1,1,3,4,3,4,4,5,2,2,1,4,3,2016,210,1928.46
TQRCEG6Q,5,3,3,2,2,2,7,7,6,4,4,4,6,6,7,4,5,2016,252,2966.32
246CGEXW,7,7,6,2,3,4,3,5,6,5,3,5,6,5,5,5,5,2016,238,2615.4
C0C6H47T,6,6,6,3,2,1,5,3,4,3,3,3,5,5,5,4,6,2021,52,534.94
XKFLAFQN,3,5,5,3,2,2,2,2,2,6,6,6,2,3,3,2,2,2015,304,2828.62
PVP3HCTA,6,7,6,5,4,5,2,5,4,4,4,3,5,7,6,4,4,2014,144,1268.52
9DI18JRV,3,3,2,3,4,5,3,2,1,2,2,3,4,5,3,3,5,2021,42,413.79
34XQ91TZ,2,4,3,5,4,4,6,7,6,2,2,3,5,5,4,5,5,2016,189,1947.83
0TSJ2F6F,3,4,5,3,4,3,2,2,1,1,2,3,3,4,4,4,4,2021,62,575.57
C8JCBH18,7,7,7,1,2,2,4,3,2,6,6,5,2,3,4,3,3,2016,308,3190.44
3Z8C6KU6,6,5,4,6,5,2,4,6,7,3,3,5,5,4,3,4,5,2016,245,2795.27
LFQ47B64,6,6,5,3,3,3,3,6,4,4,5,4,3,5,5,4,3,2012,572,5694.97
KNRVSU7B,6,6,6,3,4,5,2,1,2,1,1,2,4,3,3,4,4,2021,30,265.08
31OC0BB3,7,7,7,4,4,5,1,1,1,2,2,3,2,2,2,5,6,2022,27,227.06
L05UDMNX,4,5,4,4,3,3,2,3,2,4,4,4,4,5,5,3,5,2016,371,3936.77
S93XLTYS,3,4,4,2,2,2,2,3,3,5,5,5,2,3,3,2,2,2014,225,2012.84
JSCWG610,5,5,4,4,2,2,2,2,3,4,4,2,4,4,4,3,3,2011,696,7519.17
2VSJ0S7B,2,3,4,4,4,4,1,1,2,1,2,1,4,4,4,3,4,2022,26,238.38
J20OGCBY,4,4,5,6,5,6,3,6,5,2,2,3,5,5,4,5,5,2022,30,253.97
8Y77SFRX,7,7,5,3,5,6,5,6,5,3,3,4,5,5,5,5,4,2016,231,2465.28
7M5BS526,6,6,5,2,3,2,2,2,2,2,2,1,4,3,3,5,3,2012,517,5779.98
NBHP3T9G,6,7,7,3,6,6,1,3,2,3,3,3,3,3,2,4,4,2022,32,298.32
HK4S9SW0,7,7,6,2,3,4,1,3,1,6,5,3,4,5,5,3,4,2021,72,587.94
UU4Z5U5K,6,6,6,2,3,3,6,6,3,2,3,3,4,5,6,5,5,2016,252,2707.88
91NDC2N9,6,5,5,3,6,5,2,3,2,2,2,3,2,2,2,4,6,2022,24,227.2
H1UCATVL,3,4,4,4,5,4,4,4,3,6,5,4,2,2,3,2,3,2022,45,367.58
P3N1Z297,7,7,7,2,4,4,3,3,3,5,4,3,4,4,4,5,6,2022,26,214.37
64L97Q1F,6,7,6,6,5,4,2,2,3,5,6,5,1,1,3,3,2,2012,528,4332.05
5T73GKE1,4,4,2,4,4,4,2,2,2,4,5,5,6,6,6,2,2,2015,376,3480.36
5I68OTFH,3,5,4,5,5,3,2,3,3,4,4,3,3,3,3,2,4,2015,336,3443.31
OYQ4BT36,6,5,5,2,4,3,4,6,6,2,2,3,5,4,4,4,6,2017,204,2135.59
C45JXJOK,6,7,6,4,4,3,4,5,3,6,7,5,3,3,5,4,4,2015,224,2454.56
8I007UTO,5,7,7,3,3,3,3,6,5,3,3,4,6,5,6,5,5,2017,234,2541.55
61ZZ9SSN,4,5,4,3,3,3,4,4,4,2,3,2,4,4,4,4,5,2015,232,2980.6
QDSWFC9V,6,6,5,2,2,3,4,5,4,2,3,3,4,5,5,4,3,2016,245,2762.49
FMIVP20Z,7,7,6,6,6,6,3,4,3,3,3,3,3,3,3,4,4,2021,58,484.09
4U79IET2,4,4,5,4,5,4,4,6,6,2,2,3,7,6,7,5,5,2017,192,2190.08
P3PDAI3D,5,5,3,3,3,2,4,6,6,2,3,4,3,3,3,4,4,2014,369,3879.36
LUBUQY2P,3,3,3,4,4,5,1,1,1,3,3,2,3,3,3,3,6,2021,64,596.13
5DUCHAFQ,6,5,6,5,6,5,1,1,2,2,2,3,2,2,2,5,4,2022,17,148.58
ADUDB412,4,4,4,3,5,5,1,1,2,4,4,4,4,3,4,4,3,2022,36,326.97
H9G3H39C,5,5,2,1,2,1,3,3,2,5,5,5,4,5,5,2,1,2012,671,6763.83
EAQ49SWZ,5,6,5,4,4,4,3,5,4,3,3,4,3,5,5,6,5,2016,301,2931.06
GUQ8RVVR,3,2,1,3,2,2,6,6,5,3,4,5,3,2,3,3,3,2018,170,1729.55
D4L7AWUY,5,4,4,3,5,6,7,7,6,6,5,5,5,5,6,3,4,2016,210,2136.13
TWE604Z3,6,6,5,5,4,3,5,5,6,6,5,6,3,3,4,3,3,2016,301,3275.1
4E15TDVP,6,7,7,3,4,4,4,4,2,7,6,6,2,2,3,2,2,2015,376,4056.72
ENPAANPN,5,4,4,4,3,3,2,4,3,3,3,3,1,1,2,4,5,2021,48,433.61
JLD29RXW,6,5,7,5,5,5,2,2,1,2,2,3,3,3,3,4,4,2022,22,176.42
J57N23RR,6,7,7,2,3,2,1,2,2,6,6,5,3,4,4,3,3,2014,243,2237.89
70U5CFHW,4,4,4,3,3,3,1,2,2,6,7,7,3,3,2,1,3,2017,324,3249.93
VH6XKT15,6,5,5,3,4,4,5,6,4,2,3,3,6,6,6,4,4,2014,342,3829.14
ZB4MHQQ8,7,7,7,4,5,5,4,4,5,3,3,3,3,2,2,4,4,2021,56,470.65
D54VZHHY,2,4,2,4,5,5,3,3,3,3,4,3,2,3,2,3,3,2012,374,3461.28
PVHC22U4,5,4,4,3,3,4,5,6,6,3,2,3,5,4,5,5,5,2017,150,1657.9
M7LK0CJV,5,5,5,3,3,3,5,6,5,2,2,1,6,5,5,4,5,2016,245,2432.83
GVZ7TAW9,4,4,3,4,4,4,6,6,6,3,4,5,6,5,5,3,5,2017,222,2554
719BQRLF,7,7,7,1,2,6,2,3,3,5,5,5,3,3,4,4,4,2014,414,3740.44
G2NGH9OM,5,5,5,1,2,2,4,5,5,7,7,6,2,1,2,2,3,2015,400,4956.97
58C20IIA,4,4,3,5,5,5,2,4,1,2,2,3,3,3,4,5,5,2016,252,2808.07
KFKGKJ62,7,7,7,3,2,2,2,3,2,4,5,5,4,5,4,3,4,2015,456,4053.46
PVZY2987,5,5,5,4,5,5,5,2,1,2,3,3,3,3,2,3,4,2021,32,291.47
HASMHFAO,6,6,6,4,5,4,2,2,3,1,1,1,1,1,1,5,5,2021,52,460.46
ZKTHMXC7,5,4,3,6,7,6,6,5,4,3,4,3,4,4,4,3,4,2016,280,3427.79
4NC7CE3G,5,4,4,2,2,3,4,6,4,3,3,4,4,4,5,5,4,2015,224,2547.65
BQGUD0HI,6,7,7,5,6,5,1,2,2,4,3,3,2,2,2,4,6,2021,48,430.66
8R798RCN,4,4,4,5,6,6,2,2,1,2,3,3,3,3,2,3,3,2022,26,224.42
PH0JHYCQ,3,5,3,3,3,2,3,3,3,2,2,2,4,3,4,4,4,2010,429,4317.46
T4DPGIYK,6,6,6,4,5,5,1,1,1,3,3,4,2,1,2,4,4,2021,40,406.2
PV2PLS4L,6,6,6,2,3,3,5,6,5,3,3,5,4,4,4,4,5,2015,240,2377.78
38Y1HLJA,6,5,6,4,5,3,5,4,2,2,2,2,3,3,2,4,5,2022,29,242.22
3T48RWK0,6,6,6,2,2,2,4,3,3,6,6,5,5,5,6,3,3,2013,550,5307.75
MTZ04Q0J,5,6,4,6,6,5,2,1,2,4,3,3,2,3,4,3,5,2016,343,3578.1
R88N00FY,5,6,6,3,2,3,1,2,4,4,3,2,3,3,4,5,3,2014,396,3860.87
04XHE53T,6,6,5,4,3,4,1,4,5,3,3,3,3,3,3,6,5,2022,28,218
76ONY6S7,6,6,5,2,3,3,5,5,6,3,3,5,6,6,6,5,4,2015,304,3240.73
NNNXPDWO,3,3,4,4,5,5,1,1,1,2,1,1,3,3,3,4,4,2022,31,272.45
LP25NMS1,7,7,7,4,5,6,2,2,1,2,2,2,3,3,3,5,7,2022,15,129.12
Z3UGPZY4,4,2,2,5,7,7,7,7,6,2,2,1,6,5,6,4,4,2017,228,2354.43
29R9BH1S,5,5,7,2,3,3,4,7,6,2,2,4,3,3,3,6,4,2017,198,2258.16
5HXS43ZX,5,5,5,3,3,3,4,7,7,5,5,6,4,4,4,3,3,2017,222,2321.76
G0MNZKRG,5,6,6,5,3,3,6,6,6,4,2,2,3,4,3,5,5,2017,222,2605.85
ZWSRMX7N,7,7,6,3,4,5,2,2,2,4,5,5,5,5,4,3,5,2017,270,2166.34
O5WSU5DF,6,6,6,3,4,3,2,3,2,3,5,5,3,3,3,4,4,2022,30,255.74
RB56XW1N,5,6,5,5,6,5,2,2,3,3,4,3,3,3,3,3,6,2021,42,404.34
8HDJLUYT,5,5,3,2,4,3,7,7,6,2,3,3,5,4,4,4,4,2016,217,2570.09
3FJKXSP9,4,4,4,3,2,3,3,4,4,4,3,5,4,4,4,3,2,2015,280,2677.9
UHEZEUDX,6,6,6,4,5,6,3,3,3,5,3,4,4,4,4,5,6,2022,33,274.13
5KXA47YZ,6,6,5,3,3,4,7,5,4,2,2,3,6,6,6,5,5,2014,315,3517.74
UX699QDV,7,7,6,2,2,2,2,6,6,4,4,5,4,4,5,5,4,2016,217,2699.08
DN3391O7,4,5,5,3,4,4,5,4,3,4,5,4,1,1,1,3,4,2021,46,411.05
QZV6WLJC,7,6,6,4,3,4,4,4,3,3,3,2,2,2,3,4,3,2011,456,5730.48
8QEDK656,2,5,4,1,3,3,2,2,2,4,4,1,3,3,5,3,3,2015,400,4504.82
GVW3V7HL,6,7,6,3,4,3,4,5,6,1,1,1,5,5,6,6,4,2016,287,3395.71
02U1871W,3,3,3,3,3,3,6,6,6,5,5,5,4,4,5,2,3,2017,222,2654.26
7W41DPUQ,6,6,6,5,4,5,2,1,1,3,4,3,2,1,2,3,4,2022,33,289.26
3SPZWE9C,5,6,3,3,3,3,2,3,3,4,4,4,5,5,6,3,4,2013,560,5500.89
0YWLYEDF,2,3,3,4,5,5,1,1,1,2,1,1,2,2,2,4,6,2022,29,242.75
8ZFCLA37,6,7,7,2,2,2,3,5,4,5,5,6,5,5,5,3,4,2015,376,3941.26
CWBZNWSL,3,5,5,2,2,3,5,5,4,6,6,5,4,4,3,2,2,2014,567,6000.29
E5BX9WFV,5,5,5,2,1,2,3,4,3,5,6,4,3,3,3,2,3,2016,371,3752.61
1UB6VPCE,5,5,5,6,6,5,6,7,6,2,3,4,3,3,4,4,4,2015,184,1921.01
MQPVB8JQ,3,2,3,4,4,5,4,5,2,4,3,2,3,3,2,3,4,2022,20,175.35
CEURE262,6,6,6,2,3,2,7,7,5,3,3,4,6,5,7,4,5,2015,256,2759.58
LWLTDY50,6,5,5,3,3,2,5,5,7,5,4,4,4,3,3,4,5,2017,204,2520.25
DRV4F0JU,4,3,4,2,3,2,4,4,4,2,3,3,5,6,6,4,5,2015,256,2968.55
OUWPL5L3,3,4,4,3,5,5,4,4,3,2,1,2,6,6,7,5,5,2015,368,3323.85
R7KM8TA6,6,7,6,1,4,4,3,2,3,1,1,1,5,3,3,5,5,2021,48,431.77
WSPBVO8I,6,6,6,5,6,4,1,1,1,3,2,3,3,3,3,4,5,2022,31,299.19
KAU06DZE,5,5,6,1,3,3,3,5,5,5,4,3,5,5,5,4,5,2016,245,2360.5
S5ZG7XCL,3,3,4,5,6,6,5,3,3,2,3,2,2,2,2,4,6,2022,25,211.87
T9DR70T7,4,4,3,4,5,4,4,7,7,3,4,4,2,2,2,3,5,2022,27,237.09
3SYEY3CR,7,6,5,3,3,3,4,5,4,1,1,2,6,5,5,6,4,2015,312,3947.26
EUQ6R6XG,5,6,5,3,3,3,2,2,2,4,4,4,5,5,5,3,3,2013,530,5491.89
98D2YI4C,5,4,3,2,2,2,7,7,6,3,3,3,6,5,6,4,3,2013,290,3062.88
JL687IYN,6,6,6,3,3,4,1,1,1,2,2,2,5,4,4,5,6,2022,26,229.15
1PCLZHNZ,7,7,6,4,5,5,3,3,4,1,2,2,2,1,1,7,5,2022,24,225.4
0UJOWMKC,2,2,3,4,4,5,1,3,3,3,3,2,3,3,2,2,4,2021,58,483.01
ZV62ILRU,4,3,4,5,5,5,1,3,3,3,3,3,4,4,4,4,6,2022,28,237.8
ADXM78F9,4,4,5,4,2,2,4,4,3,4,3,4,3,3,4,5,4,2016,259,2698.6
76DFMR2A,6,6,5,3,3,2,3,5,5,5,6,6,2,3,4,3,3,2016,441,5157.82
XXONBQNI,5,6,6,3,3,3,1,1,2,2,2,1,5,5,5,5,6,2022,23,194.89
ITSLW3NJ,6,6,5,4,6,5,3,3,3,4,2,2,3,2,3,4,6,2021,54,520.06
X0FF3BMN,5,6,5,4,4,5,6,6,6,3,3,5,4,3,3,5,4,2017,192,2271.35
RM5QSDOH,7,7,6,3,3,3,5,4,4,2,2,3,4,3,2,5,5,2017,246,3008.56
NNCSFPI4,1,2,4,3,5,6,1,1,1,2,2,2,5,6,5,3,5,2021,56,571.87
OP8V6FC9,5,5,4,6,6,5,6,6,6,3,3,5,3,4,5,4,3,2015,208,2299.6
RH0EDVEH,7,7,6,2,2,3,3,2,3,3,3,2,2,2,3,5,3,2011,624,6470.1
E8TCPMLZ,6,6,6,3,4,4,6,6,6,5,4,5,5,5,6,4,4,2017,234,2576.05
WF9OXLKU,6,7,5,1,2,2,4,4,3,2,2,2,6,5,6,5,5,2017,228,2432.95
QRQJF2M5,4,3,3,1,3,2,5,5,6,6,4,4,6,6,6,4,4,2016,217,2145.84
BQZXIC78,4,6,6,4,6,6,2,3,3,3,3,4,3,3,3,4,4,2017,324,3432.39
WD1TRKFL,7,7,7,3,2,4,2,2,1,2,2,2,4,4,5,6,5,2021,52,445.19
0ONM183W,6,4,4,3,3,2,2,4,5,2,2,3,4,4,5,5,4,2017,192,2278.29
B7IIPAJ4,5,5,4,5,4,4,4,6,4,4,3,4,7,6,6,5,5,2014,297,3122.16
VFNL13O2,5,6,6,3,4,4,4,6,4,5,5,6,3,5,5,4,3,2015,384,3503.93
EPF7FDDH,3,5,5,2,1,1,4,3,3,6,6,7,4,4,5,3,1,2014,306,3118.26
2QHCNUOH,6,5,5,3,4,4,3,4,2,5,6,6,2,3,3,3,2,2012,539,4923.42
CKAJRPCQ,6,5,4,2,3,4,6,6,6,2,3,3,5,5,5,5,5,2017,210,2114.34
M6WNDPLQ,2,4,4,3,4,3,2,2,1,2,5,4,4,4,3,3,4,2022,31,298.66
36PHRSI6,6,5,5,4,5,4,6,5,6,3,3,4,5,5,5,4,4,2016,238,2545.55
3LYRKGWS,6,6,7,1,3,3,5,5,6,3,3,4,3,4,4,4,3,2016,224,2489.11
RCIEBK7U,5,5,5,3,3,5,3,5,4,5,5,4,3,3,3,2,4,2022,16,137.95
AUSJZVOU,6,7,6,3,5,5,3,4,3,2,2,2,2,2,2,5,7,2021,68,604.01
GKBI07D7,7,7,6,2,4,3,2,3,4,3,4,5,3,3,5,4,3,2012,286,2841.44
ZHPQH4VX,4,5,5,4,5,5,3,2,2,5,5,4,2,2,2,2,3,2022,32,288.61
Z88NXOLN,6,5,5,7,5,6,4,6,4,3,2,2,4,4,6,4,4,2017,162,1738.42
RXO9WU4J,7,6,5,5,5,4,6,6,6,3,2,3,4,4,4,5,5,2016,273,2454.83
1SV7FC2D,7,6,5,3,3,2,3,3,4,4,4,4,4,4,3,3,2,2014,414,3712.75
WBFL358U,3,4,4,4,4,4,4,6,6,3,4,4,5,5,4,3,4,2015,368,3957.93
JC9H7W6L,5,4,3,3,4,5,4,3,5,2,2,3,3,3,3,5,3,2015,272,2968.52
7A3MUD2R,6,4,4,4,5,3,3,4,3,3,2,2,5,4,4,4,5,2022,20,156.91
L7I0QY0Y,6,6,6,2,3,4,2,2,2,2,1,1,5,5,4,5,5,2021,46,420.57
8J3G2MA7,6,7,6,4,6,5,3,3,3,4,5,5,5,6,6,5,2,2011,672,7201.7
RJ53HF78,5,6,5,4,6,5,3,5,3,1,1,1,5,4,5,5,7,2022,26,239.55
AY8ZZHXT,7,7,6,4,6,5,1,1,1,1,1,1,2,2,2,5,5,2022,18,165.59
A85EJLG2,5,5,5,2,3,3,1,3,3,2,1,2,5,6,6,4,3,2016,315,3135.02
I0WV7KLU,6,5,6,3,4,5,1,2,2,1,1,2,4,4,3,4,6,2021,44,352.99
CLY67SD2,7,7,7,3,3,4,1,2,2,4,4,4,1,1,1,4,3,2014,477,4694.53
DMF79V8J,6,6,5,4,3,3,1,1,1,3,3,4,2,1,2,5,6,2022,15,130.71
KUG0O3L0,2,3,2,4,4,3,3,2,3,2,3,3,3,3,4,4,2,2014,405,3828.62
3TTYRAA5,5,6,5,3,4,4,3,5,4,4,4,4,3,3,4,3,2,2012,649,6730.84
GQMAKSHZ,7,7,7,2,3,2,7,7,7,2,3,4,4,5,6,5,4,2016,259,3226.58
B44FAYT7,4,5,4,2,3,4,2,3,3,5,5,5,5,6,6,2,1,2011,324,3123.72
TXLT5K3K,6,5,5,3,3,3,5,6,5,3,4,4,4,3,4,3,5,2015,240,2851.14
B7U4S0ZC,4,4,4,4,4,4,3,2,1,2,1,1,4,5,5,4,6,2022,21,194.72
H7IKCQFK,5,6,5,2,3,2,4,5,4,2,4,3,2,2,2,4,3,2014,234,2492.63
B1FBLYVB,5,6,6,4,4,4,1,3,2,2,3,3,2,2,2,4,4,2021,46,364.55
WURI6RKX,5,5,6,1,4,4,1,1,1,3,3,4,4,5,5,4,6,2021,58,515.52
P7RRFR1U,4,3,3,4,3,5,3,4,5,2,3,4,5,5,7,5,3,2017,222,2405.07
VXZ4KHMW,4,3,3,3,3,3,4,5,6,2,2,3,6,6,6,5,3,2015,208,2287.96
TBFUP5AH,6,6,6,3,5,5,5,5,6,2,2,2,3,4,4,5,5,2015,296,2798.16
4KXUCFA3,4,5,6,5,5,3,5,2,1,1,1,1,3,2,2,5,4,2022,26,226.37
ZGVW9Y84,3,2,2,3,3,2,6,7,5,1,2,2,3,4,4,4,5,2016,266,2929
RGP0YGBS,6,7,7,2,2,2,1,1,3,3,3,2,3,4,4,5,3,2014,432,4750.11
IXHRUXKL,4,4,5,3,2,2,3,4,3,5,4,4,5,5,5,3,2,2014,414,4142.98
Y37HD2IG,5,4,5,3,3,4,4,6,6,2,3,4,5,5,5,5,5,2014,351,4450.85
6A0PWV5B,5,5,5,5,6,5,1,1,1,3,2,2,3,3,2,4,4,2022,27,269.11
HC8ZWRT4,6,5,5,2,2,2,4,5,5,4,4,4,6,6,6,3,4,2016,266,2655.06
YF9Z8PN5,3,5,5,5,5,4,2,3,1,5,4,3,2,1,1,3,4,2021,58,513.2
7496I00Q,7,7,7,4,5,5,5,7,6,5,4,5,5,5,6,4,5,2017,168,1877.02
AFI7R77K,5,6,6,3,4,4,2,2,1,1,1,2,4,3,4,5,5,2021,56,561.85
2Z9RB24D,4,4,4,1,2,2,6,6,5,3,3,4,4,3,4,4,5,2015,256,3248.83
UQATO0JX,6,6,6,1,1,1,6,6,6,4,4,4,4,4,4,4,5,2016,273,3013.08
UN6PWBMK,4,4,3,3,3,2,5,6,5,3,3,4,5,4,4,4,3,2016,231,2510.58
AGA4STHH,4,4,4,4,5,5,2,4,4,4,4,4,3,3,3,2,4,2022,26,204.69
8I0G7RZT,5,5,5,4,5,4,5,6,6,2,3,3,2,1,1,3,5,2017,192,2361.68
3KC4D9AM,7,7,7,4,4,5,2,4,3,5,5,6,5,5,6,3,2,2013,290,2498.07
A0LWFS69,6,6,6,3,4,5,2,2,1,4,4,4,2,2,3,3,4,2021,48,455.05
WEK0OX2H,4,5,4,4,6,4,7,6,6,5,5,6,6,6,7,3,3,2015,248,2523.7
CDG1IX5M,6,5,6,4,4,3,1,1,1,2,2,2,2,2,2,4,4,2022,23,234.47
OEVMA0HV,5,5,5,2,3,2,3,6,5,2,2,2,4,5,6,5,3,2016,231,2804.43
NR3ZLDU5,5,3,3,3,3,2,6,7,7,3,3,3,3,3,4,4,4,2016,343,4312.51
YOFV7Y7T,5,6,5,2,3,3,3,5,1,1,1,2,3,3,3,5,5,2021,54,393.04
3LAVW9FV,5,4,3,3,2,4,3,5,5,4,4,4,4,3,4,4,5,2017,192,1956.82
02H2FTZS,6,6,5,4,6,5,2,6,3,3,3,3,4,5,4,4,5,2021,54,509.94
MM6E2595,3,3,5,5,5,5,2,2,3,4,4,5,4,2,2,3,5,2022,31,290.12
KZHPH2KW,5,6,5,2,2,3,2,4,3,3,5,5,2,3,4,4,2,2014,297,2751.3
Z4JQRNPF,4,4,5,4,5,6,1,2,3,3,3,3,3,3,2,4,3,2021,66,643.84
56ESHE99,5,5,5,5,5,4,3,2,3,3,4,3,3,2,3,4,4,2022,34,308.1
Q2BK5F43,4,5,5,3,3,2,6,7,7,3,3,4,3,4,4,4,5,2017,210,1824.04
3OJEY8OZ,6,5,4,3,3,2,4,6,3,3,3,4,5,4,5,5,5,2016,168,1727.2
GI9OGLPZ,4,4,4,5,5,4,5,5,5,3,3,3,4,4,4,3,3,2016,266,2958.1
LAIYSV54,4,3,3,6,7,6,2,1,1,3,2,2,3,2,2,4,4,2021,42,393.95
YM7IU7ZT,6,5,5,5,5,5,4,2,2,6,6,4,2,4,3,2,5,2022,15,126.33
DJVXS7L1,3,3,4,1,2,2,7,7,5,3,3,3,6,5,5,4,5,2021,48,444.85
VPZB2DYP,5,5,4,2,3,3,1,4,5,4,4,6,3,2,3,3,4,2017,216,2693.72
SXU888AD,5,6,6,3,5,3,3,3,5,2,2,2,4,4,4,5,4,2022,20,180.06
D8AH519D,6,7,6,2,4,4,3,4,5,2,2,3,4,4,4,5,4,2015,368,3600.37
9D4860TE,4,4,4,4,6,6,1,1,2,1,2,2,3,3,3,4,4,2022,38,333.78
3WACK3NF,4,6,6,3,5,4,2,2,4,1,1,1,4,3,4,5,6,2021,54,501.48
TTL3OON3,4,4,4,3,3,3,6,7,6,3,3,3,4,3,3,4,3,2016,252,2914.29
YWXYLNDC,3,2,3,3,3,5,3,3,3,3,4,4,3,4,5,3,3,2015,392,4627.91
RZ89VEAJ,1,2,4,1,3,3,3,2,2,4,3,3,1,1,2,2,3,2021,66,657
E9GKWG1K,6,5,3,3,3,3,4,3,3,2,2,3,4,4,3,4,6,2021,52,410.45
BW8W4KU0,6,6,6,4,5,4,3,2,2,1,1,2,3,3,2,5,5,2021,50,407.22
Z75TP9DJ,4,4,3,4,4,3,6,7,6,2,2,3,4,5,5,5,4,2017,234,2374.12
BV999LIS,6,6,5,4,5,5,4,2,4,3,2,2,3,2,3,6,5,2022,30,262.07
0IYIJ3ME,3,3,4,2,2,3,2,2,3,2,2,2,4,4,3,4,4,2022,35,359.28
K2EQOX7H,4,6,6,2,2,2,2,3,5,4,4,5,4,5,5,3,4,2014,324,3516.47
YIPD4ACF,6,7,7,3,2,3,1,1,1,4,5,4,7,7,7,4,4,2014,423,3929.29
YVHL2C3X,5,5,4,3,5,5,2,4,2,3,4,4,2,2,2,3,6,2022,26,225.33
1RGWCN9P,6,6,5,5,4,4,7,7,6,2,2,3,3,4,4,5,5,2016,203,2420.85
5FK78PKH,4,3,2,3,4,3,2,3,4,3,3,3,3,3,4,3,4,2016,301,3809.24
VSJ32A69,7,7,6,4,4,3,1,1,1,1,1,1,2,2,2,6,5,2021,44,365.79
CYYISYUF,6,7,6,1,2,2,1,2,2,1,2,2,4,4,4,7,4,2017,198,2371.66
EF83AY71,7,7,6,6,7,6,1,2,2,4,4,3,3,3,3,4,4,2022,39,349.6
RCHXOY7Y,3,3,2,3,3,2,5,6,6,3,3,3,4,5,6,5,3,2015,280,2952.46
4PMM87ZG,6,6,5,2,2,2,5,7,7,4,4,4,4,4,5,4,5,2017,168,1867.52
8VTWCE44,6,7,7,3,3,5,2,2,2,6,6,6,4,4,5,3,2,2013,440,5393.04
9AC4OPQX,7,7,7,1,1,1,2,2,2,4,5,5,4,4,4,4,5,2017,228,2384.73
VJAYNZKH,6,7,5,1,1,1,3,3,4,3,4,4,5,6,6,4,4,2011,804,8751.7
C3K6HNMQ,6,6,5,4,5,5,6,7,6,3,3,4,4,4,4,5,5,2017,240,2552.05
2AVJE6VI,4,4,3,2,2,3,2,1,1,7,7,6,5,6,6,1,2,2011,612,5893.18
QIMF05TC,4,5,5,3,3,4,2,2,3,3,3,3,5,4,3,3,4,2021,46,428.89
UF7LZT6X,7,6,5,4,3,3,4,5,4,3,3,3,5,4,4,5,5,2017,186,1869.82
IV6EDN55,6,7,6,4,5,5,2,3,2,1,1,2,4,5,6,5,7,2021,54,504.75
GBJS05HD,6,6,7,4,7,7,2,2,2,3,4,3,2,3,4,4,6,2022,32,295.95
BBPSCT92,6,7,6,4,3,3,3,2,3,4,4,4,3,3,3,4,2,2010,364,3784.13
EZDWR7MI,7,7,7,3,2,3,1,1,1,7,6,5,3,3,3,2,1,2012,451,4212.78
1WPYOPDZ,6,7,6,1,2,2,3,3,2,1,1,2,4,4,6,5,4,2013,440,4872.03
54BJCJNW,6,6,6,2,3,4,5,5,5,3,3,3,2,2,2,5,4,2021,50,463.04
5U3VX8OH,6,5,5,4,2,3,2,3,4,5,4,3,3,3,3,3,3,2021,58,578.33
JRENHLGO,5,4,4,5,6,5,3,2,1,2,2,2,4,3,4,4,4,2022,23,202.71
0A356BD8,7,6,6,4,4,4,6,6,6,2,3,4,6,6,7,4,6,2017,252,3071.97
SMZZO0EK,6,7,7,2,2,2,4,6,4,7,6,6,4,4,5,3,3,2016,483,6288.82
HBLOOQ6P,7,7,7,4,6,5,1,2,3,4,4,3,2,2,2,4,4,2021,52,458.4
NO0MBDDY,7,6,6,2,2,2,6,6,6,4,3,3,4,5,5,6,4,2016,217,2048.86
4QNUGTRN,4,5,5,4,3,3,1,1,2,1,1,1,3,3,2,6,6,2021,34,286.87
74I4WZY5,4,4,4,3,3,3,1,3,3,4,3,4,4,4,4,3,3,2016,224,2336.16
SPGCEUFR,3,2,3,4,6,5,4,6,7,4,3,4,3,2,4,3,4,2014,306,3355.08
7YMPZX8G,6,6,6,4,5,4,2,1,1,3,3,2,3,2,2,4,6,2022,13,123.37
1TGHV6I7,6,6,6,3,5,5,2,3,3,3,2,2,2,3,3,4,6,2022,17,165.75
IX7L39BT,6,7,6,3,5,4,1,2,2,1,2,1,3,3,3,5,4,2022,26,250.44
27BOJAWI,2,5,5,2,3,5,2,5,4,4,4,3,3,3,3,3,2,2016,280,2735.45
WKVILUKC,4,2,3,3,4,3,4,5,5,4,4,4,3,3,3,3,4,2017,216,2384.7
PFB059H4,1,2,2,2,2,3,2,4,4,1,1,1,2,3,3,4,2,2015,456,4447.37
L43I9G63,5,5,5,2,3,4,4,4,5,3,3,3,4,3,5,4,3,2017,210,2232.01
HRRADV5L,6,6,6,3,5,3,3,5,3,2,3,3,3,3,4,6,7,2022,21,195.06
SJP6NR1S,6,6,5,2,3,3,1,2,2,4,4,3,2,1,2,3,4,2022,23,191.8
QXCXXE8M,6,6,5,4,5,5,3,2,2,2,1,2,2,2,2,5,7,2022,31,259.92
QPVRKQI1,5,5,5,3,4,5,1,3,4,7,6,6,2,2,3,3,5,2021,42,380.22
ZMDH902C,5,6,5,6,3,4,5,4,4,2,2,2,5,5,6,5,4,2017,186,1969.78
TD982YWD,5,5,4,1,1,1,4,6,5,2,2,2,5,5,5,5,5,2017,210,2440.22
DEYKHETU,5,4,3,4,3,3,6,7,6,2,2,3,5,5,5,5,4,2016,217,2278.33
SHAW54TY,6,6,6,6,6,6,1,1,1,2,3,3,2,3,3,4,6,2021,42,335.25
M9H5GG5X,5,7,6,3,4,5,3,4,5,4,4,3,3,3,4,4,5,2015,400,4625.12
SR9L50OD,3,2,1,1,2,2,4,5,4,2,2,3,5,4,4,4,4,2015,240,2785.06
289XYX5A,4,3,2,4,4,5,6,5,4,4,4,5,3,3,3,2,3,2016,252,2694.28
4HYLSGO9,6,5,4,3,2,1,5,6,6,3,3,3,4,4,5,5,4,2016,203,2090.22
SU0P8AE5,5,3,3,1,2,3,7,7,7,4,2,2,3,4,4,4,3,2017,204,2118.44
G6MWVUJH,5,6,6,3,5,5,2,5,4,4,3,3,2,1,2,5,5,2022,24,198.5
PKZ8IF32,6,6,5,3,4,4,4,5,5,2,2,3,5,4,3,4,5,2016,252,2884.19
F7L1KSMP,2,3,2,1,1,1,2,4,5,4,5,5,3,4,4,3,1,2011,396,3548.09
M5JDDB73,6,5,5,4,4,3,4,4,4,6,6,5,4,5,6,3,3,2014,450,4501.34
N6MLFJIC,5,6,4,4,5,6,1,2,2,3,4,4,3,4,4,4,4,2014,369,3828.72
SZDKI1ZK,3,3,4,5,6,6,1,2,2,3,4,4,4,4,4,2,4,2022,17,153.7
G5KQ0XUK,4,4,4,5,6,6,4,6,4,3,3,3,4,3,3,4,3,2015,280,3157.49
S11YVVH7,5,5,4,3,3,3,2,2,4,6,6,6,3,2,2,3,4,2017,192,2238.81
XWLM5XU4,5,4,4,1,2,2,7,6,3,4,3,4,1,1,2,3,3,2015,248,2495.3
S4TYTKUZ,6,5,6,5,6,4,5,6,4,2,3,3,3,3,4,5,3,2015,312,3367.48
M29CVF1B,7,7,6,4,5,3,3,4,1,2,2,2,2,3,2,4,6,2021,70,618.86
UW79LY1N,2,3,3,4,5,4,2,3,3,6,6,5,4,4,5,1,2,2014,504,5027.8
MS2GUYKW,3,3,3,2,2,2,1,2,1,4,4,4,4,4,4,4,2,2015,352,4021.17
NBHDG6YT,4,5,5,3,3,5,1,1,1,2,3,2,5,4,3,4,4,2021,42,382.07
E3HQTBHL,4,5,6,5,6,6,1,1,1,2,2,1,4,4,4,5,5,2022,30,300.08
LXY4C9OG,2,4,3,5,6,5,1,3,2,5,6,5,4,4,4,2,4,2021,60,511.93
HES61PLZ,5,5,5,5,6,5,3,3,4,2,2,3,3,4,4,5,6,2022,21,198.34
HPZGAXA9,6,7,6,4,5,5,1,2,2,2,2,2,3,2,2,5,4,2022,33,318.33
3MJ1Q4WT,6,7,7,4,3,2,2,2,2,5,5,5,3,3,3,3,4,2014,297,3168.12
YIQ3O9ZD,6,6,5,4,5,2,5,5,4,4,3,4,3,3,3,4,4,2016,217,2326.7
OU86QGBW,7,7,7,4,5,7,1,1,2,6,6,5,3,3,4,3,4,2015,360,3511.38
BY5ZA7X7,5,5,4,3,3,3,5,5,3,2,2,3,4,4,4,4,3,2016,231,2124.23
HM5JKKMX,3,4,3,1,1,1,2,4,3,6,5,5,4,3,4,3,3,2015,376,3771.07
XYZRH8ML,5,6,5,3,4,2,1,1,1,4,3,2,3,3,3,3,6,2022,21,191.71
YJHFC33A,6,6,4,5,3,4,2,2,2,7,6,5,5,6,6,2,3,2017,270,2606.19
IAZFD8LM,6,6,5,3,3,3,1,1,1,2,3,4,4,3,3,4,6,2021,78,697.46
44BTJOOM,6,6,6,4,4,4,2,5,5,2,3,4,3,3,3,5,4,2021,56,491.58
6HYTUGU1,6,7,6,6,4,3,2,3,4,5,5,5,4,5,5,4,5,2015,224,2131.79
3HOBAJYC,4,4,5,1,3,2,3,5,3,1,1,1,3,3,3,4,4,2017,252,2866.82
LUT0JVEM,3,5,5,1,1,2,1,2,2,6,5,4,3,4,4,2,3,2015,440,4482.81
E9KN6IQW,7,7,7,2,2,2,1,1,1,7,6,6,5,4,5,2,3,2014,423,4407.35
FTT15R3U,6,6,5,4,6,6,1,1,1,4,2,2,2,1,1,4,5,2022,36,319.22
21GOH6S8,7,7,7,5,4,6,3,2,2,1,1,2,3,3,4,6,5,2014,495,4688
HMVP3QEW,4,3,2,3,4,4,2,2,3,5,5,6,3,3,3,2,3,2014,450,4603.69
Q2AY82DO,3,5,3,3,2,2,2,4,4,4,5,4,5,6,5,3,5,2017,348,3550.15
E5JXPTID,3,2,3,4,6,7,4,5,5,3,4,4,5,5,5,3,4,2015,320,3206.54
FQUYO2RE,7,7,7,2,2,2,1,2,2,5,6,6,5,5,5,3,3,2012,462,4741.87
K7PUZ35I,6,7,6,2,3,4,4,3,3,6,6,6,2,2,1,3,3,2015,296,3133.83
E7VAS1IW,7,6,5,4,5,4,3,4,3,2,2,2,5,3,4,5,4,2022,23,202.87
4QAAJ0VQ,7,7,7,1,2,1,2,2,3,4,5,4,2,2,2,4,4,2015,328,3410.94
WNOHYBHR,7,7,7,3,4,3,3,5,3,2,2,2,3,3,2,5,6,2022,18,167.66
4HGJAOPM,6,6,5,2,2,4,3,4,3,7,7,6,3,3,4,3,2,2015,464,5673.91
6G2C734P,6,6,5,3,3,3,6,6,4,3,3,3,5,4,5,4,4,2017,234,2459.33
LUD2MT0G,4,4,3,3,4,5,3,3,2,2,2,2,3,4,4,4,5,2021,54,468.6
C5U6T3H6,6,6,5,1,2,3,2,2,3,4,4,5,5,5,4,4,4,2013,430,4606.81
XGB99MER,6,6,6,4,4,6,1,3,2,2,2,2,4,4,4,6,5,2022,23,228.55
6NH08CB1,5,5,5,5,5,5,5,4,3,2,1,1,5,4,5,5,6,2022,34,285.75
AEAM75WL,7,7,7,4,5,4,1,3,2,2,3,2,2,1,2,5,4,2022,23,204.45
THSQ7JG6,5,5,4,2,2,4,6,6,6,3,4,4,4,4,5,4,6,2017,228,2587.77
5HNMTDOL,2,2,1,2,2,2,5,5,5,3,2,2,2,3,2,4,3,2015,264,3128.77
Z9XKU8MB,5,4,4,3,4,3,4,6,4,2,3,3,2,2,2,4,3,2021,66,633.06
4IT6V7B4,5,4,4,3,5,5,7,7,6,1,2,2,4,4,4,5,5,2016,245,2617.2
IDUO3YCT,7,6,6,4,2,5,7,7,6,2,2,4,2,1,3,4,4,2016,252,2593.42
KD9S3XHS,5,6,5,3,2,3,1,1,1,3,3,3,3,2,4,4,3,2015,368,3152.55
KK3YWZ2D,5,6,6,2,2,3,2,2,2,2,3,2,3,2,4,4,4,2015,320,3326.32
OYNHFRLN,4,4,4,4,5,5,3,3,4,4,4,4,4,5,5,2,5,2016,210,2099.15
6O7QRCGB,6,7,6,4,5,5,3,3,1,2,2,2,2,1,2,5,6,2022,27,230.6
5FYE908K,4,5,4,3,3,2,6,6,5,2,2,3,3,3,4,4,3,2017,258,2562.29
VFSEQ92X,2,3,5,5,6,6,4,4,2,1,2,2,2,2,2,3,5,2022,26,252.18
ASSN1T1Y,5,6,6,5,4,6,2,1,2,6,6,6,2,3,4,3,4,2016,434,4789.57
ZUIHXKBG,5,4,4,2,2,2,5,6,4,1,2,2,5,5,6,5,4,2017,204,2597.09
9R83PXV1,4,4,5,4,5,5,4,3,1,2,2,3,3,5,4,4,6,2022,22,194.9
9SYHIEKG,1,2,4,4,5,5,3,4,3,3,3,3,3,3,3,3,6,2021,40,375.79
KFTSK12N,6,5,5,3,4,3,3,2,1,4,4,5,1,1,1,3,4,2016,252,2952.97
ULZWIHPZ,7,6,5,5,5,5,6,6,7,1,2,3,4,3,4,5,3,2017,204,2320.3
Y45ZNARS,6,3,3,4,3,2,6,6,6,2,1,2,6,6,6,5,5,2017,198,2263.35
DEUT0DYV,5,5,6,7,6,5,5,6,5,3,4,4,4,3,3,4,3,2017,210,2020.19
JKUJ4WEF,6,5,4,2,3,3,3,4,3,6,5,6,3,2,3,3,3,2014,216,2507.43
XXASU5WH,3,5,5,2,2,2,4,3,3,5,5,5,5,4,4,3,3,2015,360,4712.83
6K6VNV47,5,5,5,4,5,5,1,1,1,4,4,3,4,3,3,3,4,2022,24,207.47
J8LG6KMH,4,6,5,4,4,4,4,4,3,1,1,2,3,3,4,5,3,2012,649,7215.33
0RA3LAGC,6,7,6,4,4,4,2,2,2,4,6,5,6,6,6,3,2,2015,440,3983.44
V7EFB8Z2,5,5,4,5,4,3,3,5,5,3,3,2,4,4,3,4,4,2015,216,2479.43
PFX8GY7G,5,3,4,7,7,6,1,2,2,2,2,3,4,3,3,3,4,2022,32,301.26
5G84I8NP,6,4,4,3,5,4,2,2,2,1,1,1,4,4,4,5,5,2022,22,180.92
EXMYB5PN,6,5,5,4,5,5,6,6,4,1,2,2,5,5,5,4,4,2016,259,2444.51
HXY6E1U7,3,3,3,5,4,5,2,3,1,1,1,1,3,2,1,4,6,2022,26,225.14
DMTI8IUJ,5,7,6,3,2,3,3,4,3,5,6,6,6,6,6,4,2,2013,310,3051.27
T2CFSJ34,5,6,5,5,4,6,2,2,2,4,5,5,6,6,6,3,4,2016,301,3013.48
PL75HDZS,7,6,6,3,2,2,4,4,3,2,2,5,4,4,5,5,5,2016,224,2410.23
RN5ZI8JX,3,2,2,2,2,1,6,6,6,3,4,4,7,6,7,3,4,2015,272,2935.89
48RJ1CC1,6,6,4,3,3,2,5,5,5,3,4,4,3,3,2,5,3,2017,174,1738.42
XSH5329V,5,6,6,2,3,5,2,3,3,4,4,3,4,4,4,5,2,2012,517,5308.03
3USQYSZQ,4,4,4,5,6,6,3,2,1,4,3,2,4,4,4,4,5,2022,23,208.13
PQRGGBIZ,6,5,5,6,6,5,5,7,6,7,7,6,5,5,4,3,3,2015,288,3129.86
57FLJG4L,5,6,5,4,3,2,2,3,3,6,5,4,5,5,5,3,3,2013,480,4937.49
0WS3ONWZ,4,4,4,3,3,2,6,5,6,2,3,3,5,5,5,5,4,2016,224,2458.38
0ZTIQORV,3,3,2,1,2,2,5,6,5,1,2,3,3,4,3,5,5,2014,225,2403.6
H2IQA0F6,5,6,5,3,3,3,6,6,6,4,4,5,4,5,5,3,5,2017,240,2934.83
SXL0BO7R,5,5,5,4,3,2,3,3,2,7,7,7,3,3,3,2,4,2014,396,3981.61
FL36VZ1K,6,6,6,4,3,3,3,3,3,4,5,4,4,3,4,3,3,2012,528,4210.26
RSBOM874,6,7,7,3,3,4,4,5,5,3,3,4,5,5,4,5,6,2016,196,2144.88
RU5C9GWR,5,7,5,3,2,5,3,3,3,3,4,4,2,2,3,3,2,2013,460,4856.05
Q8GKVMIG,6,6,5,4,3,3,6,6,6,4,3,4,6,5,5,4,4,2016,231,2636.51
BHZJOP3B,5,5,5,3,3,3,4,4,3,2,3,3,6,5,6,4,3,2016,273,3235.08
HUKO3Y3M,5,4,5,3,4,4,2,4,3,3,4,5,2,2,2,3,3,2021,44,366.53
JAAWQIQ4,5,4,5,5,6,6,1,2,2,2,1,1,3,3,3,5,4,2022,21,186.17
3MY4CMM2,5,5,5,3,3,3,5,6,4,3,4,5,4,5,4,4,3,2014,387,4739.48
SFGJM8K3,5,5,3,7,7,7,4,4,5,4,4,4,4,4,5,3,4,2016,231,2545.94
ZGRG8CNP,6,6,6,3,5,5,5,5,4,5,6,6,4,4,4,3,5,2016,315,3494.24
6GBH3WT3,6,6,6,3,2,2,2,2,2,6,5,5,5,5,6,4,4,2015,360,2826.28
LS9OK7IK,7,7,7,4,5,6,3,4,3,5,5,4,4,4,4,4,4,2021,44,403.03
X8SEUKSK,2,5,4,2,1,1,1,4,3,4,4,3,2,3,3,3,2,2016,343,3668.04
ZK0VPE2H,6,7,6,4,6,6,3,3,2,3,3,3,2,2,3,4,6,2022,30,245.9
8YG1RP1C,6,5,4,4,5,5,3,3,3,2,3,2,4,3,3,4,4,2021,62,522.32
AWO6I0JQ,7,7,7,4,6,5,1,1,1,4,4,4,3,2,3,3,6,2021,52,501.92
Y4B8OQRE,7,7,7,2,2,2,7,7,6,2,3,4,6,6,7,5,4,2016,273,2908.6
1U5DRZO0,6,6,6,2,3,4,1,1,1,3,3,1,4,2,2,5,6,2021,64,557.5
FCDUR0B1,2,4,4,4,5,5,1,1,1,3,3,3,3,4,4,3,5,2022,36,344.48
BRPV56IQ,4,5,4,5,7,7,1,1,1,2,2,2,2,2,2,4,6,2021,46,402.05
10YY9PHR,6,5,5,4,4,5,1,2,3,5,5,6,6,6,6,4,4,2015,336,3707.5
ZWW4A72D,4,3,3,4,4,4,1,1,1,1,1,2,3,3,2,4,4,2021,46,431.55
XNB7E3QJ,5,5,3,3,3,3,2,5,3,3,2,3,5,5,5,4,5,2017,246,2528.92
37CBV2GW,5,4,3,2,2,1,6,7,7,2,2,3,2,3,3,6,3,2015,312,3936.78
F03FP5MM,5,5,6,2,3,4,1,1,1,1,1,1,4,4,4,4,6,2022,15,127.47
0AGI8O2S,4,5,6,3,2,2,2,3,3,5,6,5,2,2,3,2,3,2011,408,3765.81
3EVX85HC,4,4,6,6,7,6,2,1,3,1,1,2,4,4,4,4,5,2022,31,256.38
Y3NEBUYJ,6,5,5,7,6,6,2,5,4,3,3,5,3,3,3,3,4,2015,192,2037.44
Y2EU3Z8O,6,6,7,4,5,6,4,3,2,1,1,1,4,4,4,5,7,2022,24,207.93
6UMOMBF1,4,5,4,3,3,4,3,3,3,4,5,5,6,5,5,3,3,2016,448,5057.98
LQ1RSTAM,6,6,6,3,4,4,2,2,1,1,1,1,2,2,2,6,5,2021,54,535.4
DT8XS9KT,5,4,3,5,5,3,2,4,3,6,5,6,2,2,2,3,2,2017,264,3208.99
77IBXOAH,7,6,4,3,3,2,1,1,2,4,3,3,5,5,5,5,4,2022,18,148.85
D3GEL10I,7,6,5,6,5,5,1,5,5,3,3,4,5,5,5,5,4,2016,210,2349.87
GEQS7AWY,6,6,6,4,4,4,1,1,1,3,3,2,4,4,4,5,6,2022,22,180.68
KAQQKY58,6,6,6,2,3,2,5,7,4,2,2,3,5,5,5,6,6,2016,252,3241.8
QHIQ6RWC,4,5,4,2,3,5,4,5,4,2,2,2,2,3,4,4,3,2013,440,4330.52
CVISZBHQ,7,6,5,3,4,5,3,1,1,1,1,1,3,3,3,5,7,2022,23,221.06
DSY5CGV3,2,3,4,4,4,5,4,5,4,3,4,3,2,2,2,3,4,2022,19,173.98
61RN9HE0,4,4,6,3,5,5,3,3,3,4,4,4,3,2,3,3,1,2011,552,6066.99
8AA0PPM1,5,6,5,5,7,6,5,6,3,2,2,2,3,3,3,5,7,2021,54,535.09
EZ4BYJAG,7,7,7,2,2,4,2,4,4,5,4,3,2,3,2,5,5,2016,420,5028.93
R14YMGTG,6,6,5,4,3,2,3,5,2,4,5,5,3,3,3,3,4,2015,360,3947.21
OVHXXVRC,7,7,5,2,3,4,1,1,1,2,2,1,4,4,4,6,4,2015,600,5375.99
ZZQPU9TH,6,6,6,3,3,2,3,4,3,5,5,4,4,3,3,3,3,2015,376,3488.41
CJQUWCLO,5,4,5,3,4,4,2,3,4,2,2,3,4,4,3,4,6,2021,52,441.2
EV7ZH4UN,7,6,5,2,2,2,2,3,2,3,4,4,3,4,4,4,3,2016,322,3277.4
IW73FQW9,5,5,4,4,5,5,1,1,1,2,3,3,2,2,3,3,4,2021,62,614.05
OSTM205E,6,5,5,2,2,2,5,6,6,2,2,2,4,5,5,5,4,2017,228,2557.27
OPFC7Z35,5,5,6,4,4,5,2,3,3,2,2,1,4,4,4,4,7,2022,31,274.13
HV6T5GDA,5,5,6,5,7,6,1,1,1,1,1,1,3,3,2,4,5,2022,27,250.48
JQ9090GB,5,6,7,5,4,2,3,2,4,4,4,4,2,3,3,4,2,2014,342,3587.44
ZYGHWVZU,6,6,6,2,2,2,4,6,5,5,5,5,5,5,5,4,3,2013,410,4021.55
KG8RJPJZ,6,5,4,3,4,3,5,5,5,4,4,5,4,4,5,3,5,2016,322,3329.83
PRJ4LAO6,1,3,4,2,1,1,3,5,3,4,4,5,4,4,5,3,1,2011,444,4213.96
Q9QWW7LG,3,4,5,3,3,3,2,3,3,6,6,6,4,3,3,2,2,2016,385,4302.48
NQ9EGELF,5,5,4,3,4,4,3,4,3,2,3,4,5,6,6,4,4,2016,217,2353.68
YZWG8A3P,2,3,4,4,6,6,2,1,1,2,2,3,3,4,4,4,6,2022,20,194.14
32J05R9Y,4,3,2,2,2,1,2,3,3,2,3,3,3,3,5,4,3,2013,530,5651.18
R7UI2OR2,4,6,5,4,5,4,1,1,3,2,2,3,1,2,2,4,5,2022,25,237.45
4GC09P2Z,6,7,6,3,5,4,2,6,3,1,1,1,5,5,5,7,7,2022,25,226.27
T5RXWVHA,4,5,5,5,6,5,2,2,3,2,3,2,3,3,3,4,4,2021,36,339.83
0XVLYSZ3,6,7,6,2,3,5,4,4,4,3,1,3,6,5,5,6,3,2015,432,4230.71
PJQB8B0M,5,5,6,3,4,3,1,1,2,2,2,2,5,4,3,5,5,2021,48,397.73
YUBYSZ87,3,2,3,3,4,3,6,6,6,3,4,6,4,4,5,3,3,2016,224,2391.32
WN2LLSXW,4,3,4,4,5,7,4,6,4,3,3,4,5,4,4,4,4,2021,52,486.72
0HSKV6B4,4,6,5,3,5,4,4,3,2,1,1,2,6,4,3,6,4,2021,66,550.29
BP1VHY4M,7,5,5,4,5,5,5,6,6,6,4,6,4,4,3,3,5,2017,210,2292.68
7FIF5NGS,5,6,6,5,5,5,2,3,1,5,4,3,4,3,3,4,4,2021,62,596.28
MD4RGXSH,5,5,5,2,3,3,2,4,4,4,4,4,5,5,4,3,4,2016,238,2368.91
T39RXK9U,6,5,6,2,3,4,3,4,4,4,4,5,5,4,5,3,2,2012,649,6673.24
E3L4NN6F,6,5,4,5,4,3,1,1,1,2,2,2,4,3,3,4,6,2022,30,278.21
DEXJ2U2Y,5,3,3,5,7,7,1,1,1,6,4,4,2,2,2,3,3,2022,20,191.66
QCTFQ7G9,7,7,7,3,5,4,6,6,4,3,2,4,4,4,5,6,6,2018,150,1773.93
WDQZDMPW,4,4,4,1,1,1,3,4,4,3,3,3,5,6,5,5,3,2012,396,4189.19
25AHSZWQ,6,7,7,2,3,3,3,2,4,6,6,6,7,6,6,4,2,2011,576,6097.58
748VZGYJ,4,4,4,3,3,3,6,6,4,4,4,4,6,5,6,3,3,2016,238,2531.37
G8GRZ2SM,4,4,5,5,5,3,2,2,1,2,3,3,3,3,3,4,6,2021,52,463.77
XCFVS1P0,5,5,5,2,3,4,4,5,6,2,2,3,4,3,5,5,4,2016,224,2341.07
U0QNLP92,5,4,3,2,3,2,3,5,6,6,6,7,5,5,5,2,3,2017,192,1976.32
1YCTW4VT,5,6,5,2,1,2,1,2,3,5,5,6,6,6,6,4,3,2012,506,5313.82
2FYWDFYJ,7,7,6,5,5,5,1,1,2,2,2,3,4,5,5,4,6,2021,56,609.24
FUVUZD82,6,5,5,4,4,4,1,2,1,2,3,3,5,4,4,4,6,2021,48,413.77
F6WFK2YU,5,4,5,4,3,3,6,7,6,3,4,4,2,3,2,3,5,2016,287,3470.66
GZW15GRE,4,4,3,3,4,4,4,6,6,2,4,4,6,5,5,4,5,2016,238,2735.43
MRCNYKH1,5,6,4,4,5,4,4,2,2,4,4,5,5,6,5,3,5,2021,70,617.02
1O87LR73,6,6,6,2,2,2,3,3,3,6,6,6,3,3,3,4,2,2011,528,4995.8
G2TJALR5,4,5,5,4,5,3,1,2,3,3,2,3,4,4,4,4,6,2021,54,509.02
POFMK856,6,4,4,4,5,4,6,6,6,1,2,2,4,4,4,6,5,2015,272,2167.27
FFMDZAJD,4,3,5,4,4,3,2,4,4,6,6,5,2,3,3,2,3,2014,360,3818.28
WFLC2POM,6,6,6,4,4,3,1,1,1,2,2,1,3,3,2,5,6,2022,20,181.19
J1M9H6AZ,1,2,2,4,4,6,3,4,3,4,4,5,3,3,3,3,3,2013,420,4330.5
KEBYOWRC,2,4,5,4,5,4,1,2,3,4,4,3,4,4,4,3,5,2022,27,228.09
RLOBQOLE,3,2,2,5,5,4,3,3,4,3,3,4,3,2,3,3,3,2017,192,2199.86
G4GEA3M6,6,5,6,3,5,5,1,1,1,3,3,3,4,4,4,4,4,2022,21,171.27
06O94AVM,5,5,5,4,5,3,1,2,1,4,4,3,2,2,4,3,3,2021,52,459.34
ZDPLR4GJ,5,5,5,3,4,4,3,3,2,5,4,3,5,5,4,4,4,2022,32,296.56
9A5A91U6,6,5,3,3,3,3,2,4,4,2,2,3,4,4,4,4,3,2016,252,2898.93
JAHIQGRF,5,6,5,2,2,2,2,2,2,4,5,4,3,4,3,3,3,2015,416,4528.55
8W0VMJ6J,6,6,5,4,4,5,2,2,3,4,5,4,4,4,5,4,3,2011,444,4694.67
XLNRDI8O,5,5,5,3,3,4,5,4,4,1,2,2,4,3,4,5,4,2017,180,1855.88
852D0PLU,5,5,5,1,2,3,2,4,3,6,4,6,4,5,5,3,2,2016,252,2489.14
J5FNLVYZ,6,6,5,2,3,3,5,5,5,5,5,6,5,5,5,3,4,2017,162,1768
9V17KY1Y,4,5,5,5,5,6,4,6,4,1,2,2,5,5,4,5,6,2022,19,194.88
U86LDYCH,6,6,6,6,6,4,2,2,3,6,5,4,3,4,4,3,2,2014,369,3792.07
97ZYPBZD,3,4,4,4,4,4,4,3,3,5,5,4,3,3,4,3,1,2011,468,4487.47
PX5M4KPU,4,3,4,3,3,3,7,7,7,3,3,4,4,4,6,3,4,2016,266,2643.64
48TJ1MY5,5,6,7,3,3,4,2,2,1,2,1,2,6,5,5,6,5,2021,42,376.86
ADMY023S,5,6,6,3,3,5,3,2,1,1,1,1,5,5,6,7,5,2022,33,321.6
YM19CGVE,5,6,5,3,4,4,2,2,1,3,3,2,1,1,1,3,6,2022,30,264.71
TP10BOV0,4,4,4,3,3,3,4,6,6,3,3,4,2,2,2,4,5,2017,198,2112.06
4IMKWKPK,3,2,3,1,3,2,3,5,5,2,3,3,3,3,4,3,2,2015,224,2449.45
FFB35OBP,6,6,6,4,4,4,2,3,3,1,1,2,6,5,4,6,6,2021,54,462.67
G7D5GXDA,4,5,4,2,2,2,2,3,3,4,5,4,4,3,4,2,2,2015,152,1640.37
IFH4BF7I,6,5,5,4,6,6,1,2,2,2,2,2,4,3,3,4,5,2022,25,202
TO5DY9L5,7,7,7,5,5,6,4,3,3,4,4,3,7,7,7,4,6,2021,36,355.06
IE8LJ4PT,4,3,3,4,5,5,3,4,4,3,3,4,3,2,3,3,2,2017,234,2937.94
KG620GUQ,2,3,1,2,3,1,3,4,3,6,6,5,4,5,5,2,3,2014,441,4759.56
4KXXI9O2,4,3,3,4,5,5,2,2,1,3,4,4,3,3,3,3,5,2022,20,185.6
WBNNGWID,5,5,4,2,2,2,4,6,5,2,2,4,6,6,7,5,3,2017,216,2418.69
CK3RWZAR,6,6,6,4,4,5,1,2,2,3,3,3,2,2,2,4,6,2021,56,509.91
QA17MHMO,5,5,4,4,5,4,3,2,2,5,5,3,3,3,4,3,3,2021,22,208.4
X69FMNXB,7,6,6,3,3,2,6,6,6,3,3,4,5,4,4,4,3,2015,200,2008.2
HMIUP9RV,4,5,5,2,4,4,4,3,3,4,4,3,3,3,4,3,1,2010,741,6888.35
VXSBK5ZK,3,3,4,2,2,2,1,2,2,6,5,5,3,2,3,2,4,2014,414,4697.96
NV7HJGT4,5,4,3,4,5,3,2,5,4,2,3,4,5,5,6,5,5,2015,328,3394.84
4FTA5CKT,3,4,4,3,3,4,6,7,7,1,2,4,5,5,6,5,6,2017,210,2205.26
BE5AO875,6,5,4,3,2,1,4,4,3,2,1,1,6,5,4,5,4,2017,198,1926.02
0AY5KPQS,6,6,5,3,4,4,4,6,5,1,3,3,4,4,5,5,3,2014,342,3713.64
H7BAJRB3,6,6,5,2,3,6,2,2,2,6,6,7,4,3,5,2,2,2012,737,7347.39
KHVCUM0E,2,2,2,1,3,4,1,1,1,3,4,3,3,3,3,2,5,2022,17,170.55
4BQXSZ3T,5,4,4,3,3,3,4,4,5,3,2,2,6,6,6,4,5,2016,210,2043.15
CU76UC2E,5,7,6,2,1,2,4,5,5,6,6,5,3,4,4,4,3,2013,580,5920.31
4SIC4NFD,5,4,2,4,4,3,6,6,6,1,2,2,1,2,1,4,4,2016,287,2887.65
WYCIMX5V,4,4,4,1,2,2,4,6,6,3,3,5,5,4,5,4,4,2017,210,2149.64
KPFPSVPT,5,6,6,5,6,7,3,3,3,2,2,3,2,1,2,4,6,2022,28,276
2S13IRHH,4,4,5,4,6,6,4,4,4,4,4,3,1,1,1,4,5,2022,28,224.19
HA0MQLIV,5,6,6,4,5,4,1,1,1,1,1,1,3,3,3,5,4,2021,60,575.18
0HLPPM9T,5,5,5,5,4,3,3,1,2,5,5,4,3,4,6,4,2,2013,380,3963.66
Z51J2KSY,5,5,5,2,1,2,1,2,2,4,5,5,5,6,7,3,2,2011,564,6015.84
NDQWF326,4,5,6,4,4,4,1,1,1,3,3,3,2,2,2,4,6,2021,58,481.35
GG8XCC6K,7,7,5,3,3,1,1,1,1,3,2,3,4,3,4,6,5,2021,52,449.87
YG1Z36AB,5,5,4,3,2,3,2,4,4,3,2,2,6,5,6,4,2,2014,297,3140.22
EVUX7IGU,4,4,4,2,3,4,4,5,5,7,6,7,3,3,3,3,4,2017,198,2370.92
37RRTQSN,4,5,6,4,3,3,2,2,2,2,2,2,4,4,4,5,6,2021,64,555.98
8P66B7C4,4,5,4,3,5,5,3,4,2,2,3,2,5,5,4,4,6,2022,27,257.26
RFSR7OBJ,3,3,4,3,3,6,4,4,2,6,5,5,5,4,5,2,3,2012,517,5520.47
WR4IBECA,7,7,7,3,4,3,2,2,4,2,1,2,5,4,4,5,7,2022,20,157.64
0COY8MWM,4,4,3,2,2,2,6,7,6,4,5,7,4,5,5,2,4,2015,192,2238.46
GWTIU1HL,7,7,7,5,5,5,1,2,1,3,2,1,3,3,3,6,4,2021,56,504.12
JE5H2CPC,3,5,4,4,3,3,3,2,2,3,4,4,4,4,4,4,6,2021,60,601.43
XKDZRWO2,4,4,4,2,3,3,5,5,5,3,2,3,4,4,4,5,5,2017,222,2342.27
RA6TBKNM,6,6,6,1,1,1,3,5,3,6,6,6,2,3,4,3,3,2016,371,4304.58
65FF80FT,4,4,4,1,2,1,4,4,4,3,3,5,5,5,6,3,5,2017,156,1633.84
BOYXRYVS,7,7,7,2,3,4,2,2,1,2,2,3,6,5,5,6,6,2022,24,224.61
VN68DFK2,5,5,5,3,2,2,3,6,5,2,2,3,5,5,6,5,6,2018,175,1923.4
A10JRO3B,6,6,6,3,2,2,1,1,1,5,5,5,3,3,3,4,2,2013,480,5216.33
9COPEH0M,6,5,5,4,4,4,7,6,6,3,3,4,5,5,5,4,5,2017,186,1983.2
RZ70UMQY,6,5,4,4,4,3,4,5,3,5,4,5,5,5,6,3,5,2015,328,3767.66
8IA7BESY,6,6,5,3,3,3,2,3,1,2,3,2,4,4,3,5,5,2022,28,211.67
6HNQ1HQB,5,5,6,3,5,4,3,5,3,7,6,4,6,5,5,3,4,2022,28,260.27
QL9LDAJC,4,3,3,3,5,4,4,5,6,4,5,5,4,4,4,2,5,2016,252,2472.57
4OTPV5IA,3,1,1,1,2,2,4,5,5,2,3,4,4,4,4,2,2,2014,324,3568.1
31060GFF,6,7,7,4,3,4,3,3,3,3,4,4,4,2,3,5,6,2021,52,455.07
5UL6XRKT,3,5,4,2,3,2,1,2,3,5,5,4,4,4,5,2,1,2013,460,4285.22
BWTV4E9Z,6,6,5,5,6,6,2,1,2,2,2,2,5,4,3,5,7,2022,24,228.48
FZTAEYD9,4,6,5,2,2,2,2,2,2,5,5,5,3,3,3,2,2,2013,560,5220.62
FNF03RPA,5,5,4,3,2,3,5,7,7,2,2,4,5,4,4,6,5,2016,210,2458.03
V4WD2I1T,6,5,4,3,2,2,5,5,5,3,3,3,5,4,3,5,5,2016,231,2508.23
JLH7T3DD,5,5,5,2,4,3,3,4,3,5,5,6,3,2,3,3,4,2015,400,4053.43
PQ175AAF,6,4,5,2,2,2,4,5,4,2,2,3,4,3,3,5,3,2017,258,3228.54
J9W92PFV,7,7,6,5,6,4,2,2,1,1,1,2,3,3,4,6,7,2021,68,476.93
S7OASM01,6,4,3,6,5,4,4,6,6,2,3,3,5,5,6,4,5,2017,246,2658.42
S1L9W0YO,4,4,3,3,3,3,3,4,3,5,6,6,3,3,4,1,2,2014,441,4960.82
9H678QUR,6,6,5,1,1,1,5,5,4,3,5,5,4,5,5,4,5,2016,224,2374.96
ZBWIHX8O,6,7,7,5,5,4,1,3,2,4,3,3,5,4,4,5,5,2021,48,419.7
78U63WS3,4,4,4,2,2,3,2,4,4,2,3,5,6,5,5,4,4,2017,246,2669.54
6NEGCQJ7,5,6,5,4,5,3,5,6,6,2,3,5,6,5,6,5,3,2013,340,3840.79
R3X1O5NY,4,5,5,3,4,3,3,5,3,4,4,3,3,4,3,4,4,2021,48,405.26
1HCIVDOQ,2,1,2,2,2,1,3,3,2,6,6,6,2,3,3,1,2,2015,264,2497.16
PV2HZE0O,7,7,7,5,7,7,3,3,1,2,3,3,2,2,3,4,4,2022,22,208.55
RZ5ATG5Q,1,1,1,2,2,4,4,3,3,5,6,6,3,3,3,1,2,2015,408,3978.27
A0MORLL0,5,4,2,1,1,1,5,4,4,6,6,6,6,7,7,3,2,2012,539,4754.94
W3FPNVNE,6,6,6,3,4,5,3,3,3,4,4,4,4,5,6,4,4,2014,459,4336.82
3HHI9ZXE,2,3,5,4,7,6,1,1,1,4,4,3,3,2,2,4,5,2021,56,451.1
TFCT6VKQ,6,6,5,4,5,4,3,5,3,1,1,1,4,4,3,6,6,2022,21,173.98
FW5DGM3Q,2,3,4,3,4,4,1,1,1,3,4,3,2,2,2,3,6,2022,30,254.73
D65IL72U,5,4,4,5,6,5,6,6,6,2,3,4,5,3,5,3,3,2014,288,3206.72
5UNFD52N,6,6,6,3,4,4,3,4,4,3,3,3,6,6,6,4,5,2016,245,2987.63
Q3UUXDWJ,4,4,5,1,2,1,6,6,6,2,2,3,4,5,5,4,3,2017,222,2519.86
4BCLWQZ0,5,6,3,5,5,5,4,6,6,3,3,4,4,5,5,4,3,2016,294,3372.11
U4OL183H,5,5,5,2,4,3,3,3,2,4,2,2,1,2,2,4,4,2021,26,215.06
9SLLYGBI,7,7,7,5,3,3,2,2,3,2,2,2,7,7,7,6,4,2012,616,6295.14
AA9FCUPE,5,5,5,2,3,3,4,5,5,2,2,3,6,6,6,5,5,2017,192,1738.63
LYL0GZ8Y,4,6,6,4,6,5,3,3,3,3,3,3,3,4,4,4,6,2022,25,241.56
S8SPQF95,7,6,6,2,3,2,5,4,4,1,2,3,4,4,5,5,5,2016,294,3190.48
JACNZOXO,6,6,6,4,4,6,1,1,1,2,3,3,3,3,3,4,4,2021,64,581.33
OH05EUAM,3,4,4,1,2,2,2,2,2,6,6,4,5,5,5,1,1,2015,352,3753.65
YGNBYMUR,7,7,7,2,2,2,3,3,3,4,5,5,3,3,3,4,3,2015,448,5095.93
SC4SW2RC,6,7,7,3,2,2,1,2,3,6,6,6,2,2,3,3,2,2016,413,4419.49
MBBO9T53,3,4,5,4,6,5,2,2,3,3,2,3,4,3,2,5,6,2021,54,476.48
IMPVGWR5,4,4,6,2,3,2,5,7,7,2,2,2,4,4,5,4,5,2012,418,4235.26
N5HGLNIZ,2,2,2,5,6,6,1,1,2,6,5,5,3,3,3,1,3,2014,306,3142.71
NDKGZWSR,5,5,5,3,3,5,3,6,3,2,3,3,4,3,3,5,6,2022,29,279.62
9BYEH8GP,6,5,3,2,3,2,5,6,6,6,4,4,3,3,4,3,4,2014,333,3714.4
34JWP6FK,5,5,3,2,2,1,6,6,5,2,3,4,4,5,5,4,5,2016,294,3424.06
PU2LBXLZ,3,3,3,4,3,4,7,7,6,2,2,4,5,4,4,4,5,2015,344,3661.95
K8L6A9QD,6,6,5,2,3,4,2,4,4,5,6,6,2,1,2,3,4,2016,308,3174.59
5NLHK9PY,1,2,3,4,5,6,2,2,2,2,2,2,4,4,4,4,4,2021,54,511.8
3G4BK6G5,7,6,6,1,1,3,5,7,4,4,4,3,2,3,3,4,4,2021,48,435.4
4CITA9N4,1,2,4,5,5,6,2,2,3,3,2,3,4,4,4,4,5,2022,27,215.35
ZF9J05WM,5,6,6,3,3,3,2,3,2,6,6,6,4,4,3,2,4,2015,400,3744.53
ZOL4GJXK,5,5,5,2,3,3,4,4,3,4,4,6,6,5,6,5,5,2017,198,1971.08
E01LKI0G,6,6,5,5,4,3,5,6,6,2,2,3,4,5,4,4,5,2015,328,3932.57
5VQ74YKY,6,6,5,3,3,2,6,6,6,1,1,1,6,5,5,5,4,2017,168,1709.68
3FWN50GT,6,6,4,3,5,4,5,5,6,2,2,3,5,5,6,5,3,2015,264,2689.89
B5QQKOMW,6,6,6,4,3,3,1,1,1,3,3,2,3,2,1,5,4,2022,24,220.33
6X667AH4,6,5,4,3,3,2,6,7,6,4,3,4,6,5,6,5,4,2016,238,2350.39
KCVWGCTW,4,5,5,3,3,3,1,2,1,1,1,2,3,3,3,4,4,2021,76,709.29
XZD338KD,5,4,3,3,3,4,5,6,6,4,4,5,5,5,6,3,5,2017,198,1923.8
S8XEXWCB,3,3,4,4,4,4,2,3,4,4,4,4,4,5,5,3,6,2022,25,238.13
YWQAIR7J,7,6,5,3,2,3,2,1,2,2,1,2,4,4,3,6,5,2022,25,217.05
XX8KKVFB,5,5,5,3,2,2,4,4,4,2,3,3,2,2,3,3,5,2016,196,2151.21
U1Q9TZCZ,2,2,4,3,4,4,2,2,4,3,3,2,4,4,3,4,5,2022,29,286.15
6DUYMGZ7,6,6,6,3,3,3,4,4,4,5,3,3,4,3,5,4,5,2016,266,3099.48
H7SCYTW9,6,6,5,3,4,3,5,5,5,2,3,3,5,5,6,5,4,2016,259,2677.43
CHFSSYJ8,5,6,5,2,3,2,5,7,6,4,3,4,3,4,4,4,3,2017,192,1882.13
AGF27W2P,5,4,5,3,5,5,5,5,4,3,3,3,4,4,5,4,6,2017,216,2216.73
LI7RY1H5,3,3,2,4,4,4,6,5,5,5,3,3,6,5,5,3,3,2016,238,2383.96
LXEOWUVQ,5,5,4,2,3,3,3,5,4,3,5,5,4,3,4,4,4,2017,192,2080.12
TXL74R02,7,6,5,4,3,3,6,6,6,1,2,3,5,5,5,6,4,2015,304,3784.67
B93HVQK4,3,3,3,4,3,2,7,6,6,2,2,2,6,5,5,3,3,2016,266,3155.11
VB5IET3M,3,3,4,3,5,5,5,3,3,2,2,3,4,3,3,3,6,2022,25,213
RKT3CW8N,4,4,3,3,4,3,4,6,6,2,2,3,4,3,3,4,3,2016,210,2331.26
DMA6ZYBW,6,5,6,2,3,3,5,4,2,1,1,1,4,4,4,5,6,2022,26,226.19
ZIZTBSNQ,3,4,4,5,7,7,3,4,3,3,3,2,2,3,3,5,4,2021,70,672.58
VGNRMSNC,6,6,4,7,6,5,3,3,4,3,2,3,7,6,6,4,5,2017,210,2169.18
XULJJ24B,6,6,6,5,5,4,1,3,1,3,3,3,5,5,4,5,7,2022,23,187.31
CXPIB6Q1,3,5,4,4,6,5,5,5,3,1,1,1,2,1,2,6,4,2022,25,235.72
1PV5QF2F,5,5,4,5,5,4,1,1,1,1,2,2,3,3,4,4,5,2022,24,239.25
53RSW2OA,5,5,4,3,5,6,3,6,6,3,3,3,5,5,5,4,5,2015,264,2744.32
UUEV3E0G,4,3,3,2,4,2,4,5,5,6,5,6,4,4,6,2,4,2017,186,1988.83
DNU6QU8Y,3,5,6,5,6,5,3,4,4,3,3,2,1,1,2,4,4,2022,27,237.52
88SO3PGA,5,5,4,2,3,4,2,4,4,3,3,3,5,4,3,4,5,2017,222,2202.46
KOGNTTRS,5,5,4,5,6,6,5,4,4,7,5,6,5,5,5,3,2,2013,240,2451.99
NHF9RCUH,5,5,6,2,4,3,4,5,5,6,4,5,5,5,5,4,4,2016,210,2183.39
IL7Y7DSN,5,6,6,2,2,2,1,1,2,5,5,6,5,7,6,3,1,2013,470,5219.24
FCI8ZIRM,3,5,4,2,1,2,5,6,4,4,4,3,4,4,4,4,3,2014,243,2373.9
KLAHOGZ2,5,6,6,5,4,5,1,2,2,2,2,3,4,4,4,5,4,2021,46,413.58
0JZBRWXL,5,4,3,3,3,2,6,7,5,5,4,4,4,4,5,3,4,2016,287,3405.42
S2LG0A43,5,4,3,3,6,5,3,4,3,7,6,6,5,4,4,2,5,2022,24,253.36
BBLSQWAZ,6,7,6,2,3,3,3,4,4,3,2,3,2,2,2,6,4,2017,228,2623.03
7Z2D3K8U,5,4,3,1,1,1,1,2,2,5,5,5,5,5,5,3,3,2011,360,3779.77
3XQ10ZWB,4,5,6,4,7,6,3,1,1,4,4,4,3,3,3,3,5,2022,25,229.55
WLHFKD8L,1,2,3,4,4,4,1,1,1,2,2,2,4,3,3,3,5,2021,48,439.63
IT70W7SV,4,3,2,4,4,5,5,6,6,2,2,2,5,6,7,4,4,2014,288,3113.91
2YZ17UHN,5,6,5,4,5,5,1,1,1,1,1,1,4,3,3,5,6,2022,28,257.53
X2HE5BGA,5,5,5,7,6,5,7,7,7,3,3,4,6,5,6,5,5,2016,224,2542.98
0NF0LZ1C,6,6,5,2,3,2,5,4,2,2,2,2,1,1,2,6,5,2021,30,279
RV845XGF,5,3,4,3,2,2,6,6,6,2,2,2,4,4,5,4,4,2016,217,2181.02
MWPJRXTF,2,1,4,3,3,3,3,2,1,1,1,1,4,4,2,4,4,2021,56,520.36
JIZYGGZP,3,5,4,3,2,3,4,4,3,7,7,7,2,2,2,2,3,2011,660,5577.41
6N7DRD9T,6,5,4,2,2,2,6,7,6,3,3,5,4,4,3,4,5,2016,231,2619.48
L0GHTJCQ,6,6,6,2,3,3,1,2,1,1,1,1,2,2,2,6,4,2022,18,151.87
EBIXTUWE,5,6,6,3,5,6,3,2,2,4,4,3,6,5,4,3,4,2022,30,261.3
GSE4KQM3,4,3,5,4,4,3,1,1,1,2,2,3,2,2,2,3,3,2022,31,266.87
Z4F22XPY,6,5,4,5,6,6,6,5,5,4,3,3,5,5,4,5,4,2017,228,2460.15
HOX00HCH,5,6,5,1,1,2,2,2,3,4,5,5,6,6,6,3,1,2011,444,4552.83
53IEWIWU,4,5,5,5,6,5,1,2,3,1,1,1,5,5,4,5,4,2022,29,226.39
8WMWQ07T,6,6,6,3,4,3,2,6,5,1,1,1,1,1,2,6,7,2021,60,600.39
96MT4CSU,5,5,5,5,5,3,4,5,4,2,2,2,3,3,2,5,7,2022,19,177.19
CMXCUPWF,5,5,5,6,6,6,4,3,1,2,2,2,4,4,4,7,6,2022,26,250.84
YI0I6CWV,5,4,4,4,5,4,3,5,3,4,3,3,2,3,4,4,4,2022,25,230.41
71SLHN09,6,6,5,2,2,3,6,7,6,3,3,3,5,5,5,5,4,2016,245,3116.41
TLXF392B,5,6,5,4,3,3,3,3,2,4,4,3,4,4,4,4,5,2016,266,2909.77
RVX6BCBM,1,3,4,5,5,5,1,2,2,3,2,2,4,2,3,4,4,2022,36,334.83
W3JXYVFS,6,7,6,4,6,6,1,2,1,2,3,3,3,3,3,4,6,2022,25,225.51
9CLPFMKA,5,4,5,3,3,2,2,4,4,7,7,6,5,4,3,2,4,2017,222,2846.74
X55VZFT6,6,5,5,5,3,5,5,6,3,2,2,3,4,3,2,5,4,2017,210,2136.79
8KVMLZRA,4,4,6,4,5,4,1,1,1,1,1,1,5,4,3,4,6,2022,31,264.6
LQQK6EKE,7,7,6,3,4,3,3,2,1,3,5,4,3,3,2,5,6,2022,19,177.66
L2P6FFQH,4,3,4,1,2,3,4,5,4,4,4,5,5,4,6,3,1,2012,429,4334.89
ZLCV2DMW,4,5,4,4,4,4,4,3,2,2,2,1,3,3,4,4,7,2022,26,236.04
DSO61BVS,6,5,4,5,7,5,6,7,6,4,4,5,6,6,7,4,5,2017,264,2909.02
ENV1Y5FF,5,5,4,3,2,2,2,2,2,6,6,5,4,4,3,2,2,2015,424,5057.5
LNMUK8OX,7,7,6,3,3,3,6,6,5,2,1,3,5,4,5,6,4,2014,351,4133.25
DSH27KCY,3,3,4,2,3,3,3,2,1,2,2,2,7,5,5,4,4,2021,58,573.14
H0P10KVN,5,5,5,2,3,3,6,7,7,2,3,3,4,3,6,5,5,2016,245,2612.89
3C1GHL2O,5,4,3,5,6,5,6,6,4,5,4,5,4,5,6,2,3,2015,280,2927.32
I1EVDUUV,5,6,5,5,3,4,2,2,3,4,3,3,5,4,5,4,5,2016,336,4271.65
U7LMMQUR,6,6,6,3,4,5,2,1,1,2,1,2,4,3,4,5,7,2021,26,230.5
AUIGYM10,5,5,5,2,2,1,2,3,2,4,5,3,2,2,3,3,3,2011,768,7005.25
05XGUYW8,3,4,3,3,3,3,2,3,3,4,4,3,4,4,4,3,3,2021,48,423.48
S61WNB7G,6,5,5,2,2,2,5,6,6,2,3,4,5,5,5,4,6,2017,180,2047.34
T2UJFSUR,5,6,6,2,2,1,2,3,3,5,5,4,5,4,4,3,4,2011,564,5733.47
L06U6Z57,2,4,2,3,4,4,4,3,3,6,6,5,1,2,1,1,4,2017,240,2437.93
NE6OPMRE,5,6,6,3,3,3,3,2,3,5,6,6,3,4,5,4,2,2014,297,3000.18
2V44VXT9,3,1,1,1,3,3,4,6,6,3,2,3,5,5,6,4,3,2018,160,1531.53
M2JG78DO,6,7,6,4,3,3,2,4,3,5,4,5,2,3,4,4,2,2013,360,3884.09
LPCAQY1J,2,5,4,4,3,4,2,2,3,6,5,5,3,3,4,3,3,2014,216,2239.38
GUPMEMCB,4,4,3,3,3,3,6,6,5,2,3,3,3,3,5,4,4,2015,280,3074.79
TM79H92I,5,5,4,3,3,2,6,5,5,3,2,3,5,5,6,5,4,2017,258,3141.09
F59DHI5W,6,5,5,4,5,4,1,1,1,2,2,3,4,4,3,4,4,2021,50,450.03
EBWBT54L,5,5,5,3,4,4,1,2,2,2,3,2,5,5,4,4,5,2021,38,331.89
FVWIKDR6,5,4,4,3,2,1,2,3,2,2,3,3,3,4,4,3,4,2013,610,6804.99
UXXH3MGH,6,6,6,4,5,5,1,3,3,1,1,1,4,5,4,5,5,2021,44,430.99
S4B74FRB,6,7,6,3,2,4,2,2,2,6,5,4,3,3,3,3,2,2013,330,3167.76
2Z7BIK40,5,6,4,3,3,3,6,7,6,1,2,3,3,3,4,5,4,2017,216,2639.24
PUNK4A8Q,5,4,4,2,4,3,6,6,7,5,5,6,3,2,3,3,4,2014,270,3408.32
GP6QE6BQ,6,6,5,2,2,4,3,2,3,4,4,4,3,3,5,3,5,2016,266,2691.64
W4KF9LP3,3,5,5,3,3,3,3,3,4,5,5,5,5,5,5,3,3,2015,448,4123.77
HX6OFZFC,3,3,2,2,1,1,4,4,4,5,6,6,4,4,4,1,2,2016,385,3751.81
FK24WDS3,3,4,5,3,3,3,3,3,3,5,6,5,3,3,3,3,4,2015,296,3406.66
KGLCPMN7,5,6,5,5,6,5,2,2,2,2,2,2,2,3,4,5,6,2022,17,137.78
INTRZR7Y,5,5,5,2,3,4,4,4,3,5,5,6,6,7,7,3,5,2014,585,6581.14
AEJTOLV2,7,7,7,3,4,4,3,4,3,4,4,3,2,2,2,5,3,2016,252,2180.08
M9T6QIO3,7,7,7,3,3,3,2,2,3,5,6,6,4,5,5,3,2,2015,464,4362.57
TZ3ZBTJK,5,6,5,4,6,5,4,6,4,5,4,4,2,2,2,4,4,2022,18,147.83
CB7NBX82,6,6,6,4,4,3,3,3,2,5,4,4,4,4,5,3,5,2015,440,4554.35
YGV76CZC,2,4,5,2,3,2,5,6,5,2,4,4,6,7,7,3,3,2015,528,5301.66
VQZQSOSQ,4,4,4,2,3,3,5,5,5,2,2,3,6,5,5,4,5,2017,180,1856.59
3GBNE9MF,4,4,4,3,3,4,7,6,6,3,3,4,6,6,7,3,3,2016,203,2324.9
V7JT9TER,6,6,6,4,4,6,2,4,2,4,4,3,4,3,2,4,3,2021,34,269.54
UMYFWGJM,5,5,3,1,2,1,4,4,4,5,4,5,2,3,3,3,2,2017,204,2374.16
CH52Z82Z,5,5,5,4,5,5,3,3,3,7,7,7,3,4,3,2,2,2013,420,4236.49
UJLEEX4W,5,6,6,4,7,7,2,4,3,4,2,2,2,1,1,5,5,2022,31,281.05
WGXQUEZS,4,5,5,4,3,4,1,4,3,3,4,5,3,3,3,4,4,2015,216,2151.12
Q8OZ6VGJ,4,5,5,2,5,4,3,5,6,2,2,2,2,2,2,5,5,2022,31,274.35
9RQDIZDL,6,5,6,6,6,5,1,2,1,3,2,2,4,4,3,4,4,2021,40,378.04
J6HUN488,4,6,5,3,2,2,1,2,2,2,2,2,3,3,3,5,2,2011,648,6689.29
72VKJ2YQ,5,6,6,3,2,2,2,3,2,5,6,6,4,4,5,2,1,2012,418,4512.33
KS7N0OTB,5,6,6,4,5,6,1,1,1,1,2,2,5,5,4,5,6,2022,34,295.84
EOICQCIF,6,6,6,1,2,2,2,3,3,3,4,3,4,5,5,4,4,2014,351,3808.36
3KHEQRG2,4,4,4,3,3,3,4,6,3,2,1,2,3,3,4,5,6,2021,56,562.24
TYR8ZRT7,4,4,4,3,5,5,2,2,2,6,5,5,2,1,2,2,1,2012,319,3414.09
9VUX7PFM,4,4,3,2,2,2,6,7,6,4,3,3,5,5,5,5,4,2016,196,2265.71
MDX3HVTA,4,5,3,3,2,4,2,2,2,7,5,4,5,5,6,2,2,2014,549,4950.54
3S246DUC,6,7,7,5,6,6,4,2,1,1,1,1,4,4,3,7,5,2022,20,192.73
AT8I8ATW,5,5,4,4,4,3,4,6,6,3,4,6,5,4,3,4,3,2015,272,3222.3
FNVJFMYT,1,1,1,3,5,4,1,1,1,2,2,3,3,2,3,3,4,2021,46,447.48
MF1WKHRC,6,6,5,5,5,4,4,5,5,2,3,3,3,4,5,4,4,2017,228,2351.63
EU4ZIP1T,5,5,5,5,4,6,3,6,4,3,3,4,4,4,5,3,2,2016,266,2481.66
CF1ZIX7T,5,6,5,2,2,1,3,2,3,4,5,5,3,3,3,3,3,2015,408,4826.89
H2ZT9P43,6,7,7,3,3,4,4,6,5,2,1,2,2,2,3,5,6,2021,46,401.35
8VP2TPEH,6,6,6,5,5,4,2,3,3,2,3,2,3,3,4,4,5,2021,50,416.41
IM7AG37S,5,6,6,5,6,6,3,2,2,4,5,5,4,4,4,3,4,2014,441,4933.63
837ZHUH4,6,6,6,5,5,6,3,4,2,5,6,5,2,2,3,2,2,2011,684,7442.78
4S8IL7XF,5,5,5,3,4,5,2,3,2,5,5,4,4,4,5,4,2,2014,351,4062.53
EL578RKE,3,4,4,2,3,4,4,6,4,4,3,4,7,6,6,4,4,2016,217,2726.86
RC17FY72,6,5,4,5,6,7,1,2,2,2,4,4,4,4,3,5,6,2022,25,241.74
I7ZUTOZX,5,6,5,2,3,4,5,5,6,2,2,3,3,4,4,5,6,2017,204,2562.8
9KZJCT26,4,4,5,2,4,4,2,3,3,2,3,3,2,2,2,4,4,2022,23,185.97
7I82ME9U,5,4,3,1,2,1,2,2,2,5,6,5,5,3,3,2,2,2015,376,3966.9
CDQNMKOX,5,5,6,3,4,6,1,1,2,6,6,6,4,4,3,2,3,2016,350,3386
8UXSN0YC,4,4,4,2,4,5,1,2,3,7,6,6,4,4,4,2,2,2012,671,6984.96
U92LW3SI,1,1,1,6,7,7,5,4,1,2,3,3,5,5,5,3,3,2021,50,481.83
4LBCJ5S7,6,5,4,3,3,3,5,4,4,2,2,3,3,3,3,4,4,2015,288,3635.01
LM5U2K7Z,5,6,6,4,5,5,2,3,3,3,2,3,3,2,2,5,6,2021,62,512.85
R1LD4Y61,6,6,5,4,5,4,4,5,2,1,2,2,4,3,3,4,7,2022,27,242.34
LA4CO3KC,3,4,4,1,1,3,3,3,3,7,7,7,4,3,3,1,3,2015,232,2321.9
FW9UPWMK,6,6,7,4,6,5,3,3,3,6,6,6,3,4,5,3,3,2012,374,3929.52
IKHP4G2U,5,7,6,3,2,4,3,2,3,6,6,6,4,5,5,2,3,2015,264,2978.7
JG08NAWF,4,4,3,3,4,3,3,3,2,4,5,3,4,4,4,2,3,2013,500,5663.14
1P5OCC7D,4,4,4,4,5,5,1,2,1,2,2,1,3,3,3,3,6,2021,78,761.37
UHNKU7NU,5,6,5,4,3,2,4,4,2,2,1,1,3,2,2,5,6,2022,38,380.38
U685MO6E,5,6,6,3,4,3,2,3,3,3,3,2,5,4,4,4,6,2021,48,418.26
7NRTSHW7,6,6,6,5,6,6,3,1,2,3,3,3,3,3,3,4,6,2021,72,664.1
NO6V7CIC,1,2,4,3,5,6,4,5,4,4,4,3,4,4,3,3,4,2021,66,622.16
WPEK4JLV,6,6,5,3,3,3,5,5,5,2,2,3,6,5,6,5,4,2017,270,3206.86
YJ882M44,5,5,4,3,5,7,5,6,7,2,2,3,4,4,5,5,6,2015,288,3467.47
HHO62HZD,3,3,3,4,5,6,1,1,1,1,2,2,4,4,3,4,6,2022,20,166.42
V9DXYVUY,5,6,6,3,3,2,1,2,2,6,6,6,4,4,4,3,3,2014,351,3626.82
DPH98CHL,3,5,5,3,4,4,1,3,3,4,3,3,2,2,2,4,4,2022,26,230.93
9IFFCPAW,5,6,5,4,4,5,2,2,1,3,3,3,3,3,2,5,6,2021,62,604.47
U5BS10RR,4,5,5,3,4,4,2,2,2,2,1,2,6,5,5,4,4,2021,52,522.43
AGIIDBMP,5,5,5,4,5,4,1,1,2,3,3,3,4,5,5,4,6,2021,60,549.67
88D21C0E,3,4,4,4,4,6,2,5,4,6,5,6,7,6,6,2,2,2014,360,4441.33
IB3ISA0V,5,5,5,3,4,3,1,2,2,2,2,2,3,2,2,4,5,2021,48,440.43
WLCA2HN9,4,5,5,1,1,2,2,4,4,5,4,5,5,5,5,4,3,2014,315,3264.93
XJ98UKN5,4,4,5,3,4,4,1,1,1,2,2,2,4,5,4,5,5,2021,40,352.49
RG5FFZ2F,5,5,5,5,6,5,1,1,2,1,1,1,3,3,2,6,6,2022,27,236.66
TYZEUJD4,6,5,4,4,4,3,7,7,6,3,4,4,5,5,6,5,6,2015,264,2948.1
7WSMB7S2,4,4,4,2,2,3,6,6,5,2,2,2,4,4,5,4,5,2017,222,2484.45
AD4EOMYE,4,5,5,3,3,4,3,4,2,2,2,3,4,3,3,6,6,2022,19,181.46
S68WDP0M,4,5,2,2,1,1,2,2,2,6,6,6,3,4,5,3,2,2010,663,6418.8
QEBGJLT4,4,4,5,5,6,5,2,2,3,2,2,2,3,3,2,4,4,2022,30,249.73
5K6XQ64W,5,5,3,4,2,3,2,1,2,4,5,5,3,3,4,2,3,2017,216,2244.64
DPNVW9Q4,4,5,5,3,2,3,1,1,1,2,2,2,2,2,2,5,5,2021,68,597.04
3HTB1I4W,3,5,3,3,5,5,2,2,2,3,3,3,3,3,2,4,5,2022,28,265.9
ZV1AFMA3,3,2,3,3,3,4,2,6,4,2,2,2,1,1,1,4,5,2022,26,247.09
66A59AQI,7,7,7,1,2,2,1,3,3,3,3,3,3,4,3,5,5,2013,440,4789.21
6PB34XX0,3,4,3,1,2,2,2,2,2,3,4,4,4,5,5,3,2,2015,448,4153.64
CL1VKCDW,6,4,4,3,5,5,4,6,6,3,3,3,4,4,5,4,5,2014,243,2953.15
8Q2WYQ6W,5,5,4,4,4,3,6,6,3,1,2,3,5,5,6,4,4,2015,256,3124.67
NJLCNAPB,6,6,6,2,2,1,5,6,4,1,2,3,6,5,6,5,4,2017,240,2536.5
HE59EUZY,4,5,4,2,2,1,5,6,5,6,5,6,2,4,4,3,5,2016,238,2646.7
52BSJXOI,4,3,4,1,2,2,4,5,5,3,3,4,5,4,5,5,4,2016,231,3031.9
2E26SYT8,3,3,4,1,1,2,7,6,7,4,3,4,2,3,3,4,4,2022,31,266.53
PVKWTWP0,6,7,7,4,5,5,2,2,1,4,4,3,1,1,1,3,4,2021,62,560.66
U0MAF65W,3,4,4,5,6,5,1,4,5,4,3,4,3,3,3,3,3,2017,192,2485.67
KVFJIYQN,5,5,5,3,4,3,6,6,6,6,4,5,5,4,3,3,3,2016,287,3026.32
A6AWHODU,7,7,6,2,2,2,5,3,3,3,3,3,4,3,3,4,2,2012,572,5499
DFQ3C3YR,5,5,5,3,4,3,2,2,1,1,1,1,3,3,2,6,6,2022,35,284.95
CCDZWEUD,4,3,3,3,2,2,6,6,5,3,3,4,4,5,5,4,4,2015,256,3086.2
LUQDDL5Z,4,4,5,3,5,5,6,5,5,4,6,4,4,4,3,3,4,2022,32,304.92
S424EQJ0,5,4,4,4,3,3,5,6,6,2,3,3,4,5,6,4,4,2016,259,3304.22
DTA4Y76T,4,5,5,5,6,5,5,7,5,4,3,3,4,3,3,4,4,2021,42,344.27
Q5S03IC1,3,2,4,3,3,3,3,3,2,4,4,4,4,5,5,3,4,2022,25,252.41
6K6S6QYC,3,5,2,2,2,4,2,2,1,7,6,6,3,3,4,3,1,2012,561,6125.13
FLJ7GEH6,4,5,5,4,5,5,3,5,4,2,4,3,2,2,2,4,6,2022,37,316.21
92CG91QR,5,6,6,3,3,2,1,1,2,5,5,5,4,4,3,4,2,2011,816,7702.01
9NFV39WR,6,6,5,2,2,2,5,7,6,3,3,4,3,3,3,4,3,2016,259,2614.06
SWKZCFP1,4,5,3,1,2,2,4,5,4,4,5,5,3,3,3,3,4,2014,414,4074.76
AR4CBG41,3,4,4,4,6,6,2,2,3,4,3,3,4,4,3,4,4,2022,28,235.6
9XUM7LV4,5,6,5,2,3,4,2,3,3,4,5,3,4,4,5,3,3,2015,232,2605.5
FFJXXCNK,5,4,4,6,6,6,3,5,4,3,3,3,4,5,6,4,5,2016,161,1867.28
DATF64NX,7,7,7,3,3,3,5,5,5,1,2,3,5,5,6,5,5,2017,228,2133.83
8OAI7ZCV,5,5,4,7,6,4,4,5,5,2,2,3,4,4,3,5,5,2016,287,3746.1
DLUCXKPS,7,7,7,4,5,5,1,1,1,2,2,2,2,2,2,6,5,2021,34,347.67
X7L0KLMI,6,5,5,4,4,3,6,6,6,3,2,3,6,5,6,4,3,2016,266,3224.5
VV7PVOYH,6,6,6,2,3,3,6,7,6,3,2,3,2,3,4,5,4,2017,186,2080.61
HIM088LI,4,3,5,3,3,3,5,7,6,4,5,4,4,4,5,3,5,2016,301,3551.65
F7IIED8W,4,5,6,2,3,3,3,2,2,4,5,4,2,2,3,4,3,2014,468,4263.56
8OSGS8FW,5,5,5,1,3,3,4,3,4,1,1,3,3,4,3,6,7,2022,36,343.43
D57SYX5F,3,3,4,3,6,5,2,2,3,2,2,3,3,3,3,4,4,2021,50,481.89
L5YGSWGE,4,3,3,4,5,3,7,7,6,3,3,4,5,4,6,3,5,2017,234,2343.14
LLPOZ61P,3,2,3,4,4,6,6,6,6,2,3,3,4,4,4,4,5,2015,336,3856.05
IX6CH5EF,4,3,3,2,2,3,6,6,4,3,5,6,4,4,3,4,3,2017,276,2965.41
FV1OHU9Z,6,5,5,4,5,5,2,3,3,4,6,5,4,4,4,2,4,2022,17,160.34
GGGDYL0Z,6,7,7,4,4,6,4,2,2,1,1,1,4,3,2,5,6,2022,29,271.67
PCJNSU2V,5,5,5,3,4,6,6,6,5,4,4,5,4,4,4,3,2,2013,370,3633.31
L9LU3MOU,5,5,5,5,5,5,6,6,5,2,2,3,5,6,6,5,6,2017,234,2794.73
OJCCE0KQ,6,6,5,3,3,3,5,5,5,5,3,3,5,5,6,5,3,2013,440,4839
GIF4AE70,6,6,6,3,4,3,3,4,5,2,2,2,4,3,3,5,6,2021,64,568.83
ND3QGQKF,4,4,4,4,5,5,3,4,4,5,5,5,3,3,3,3,4,2021,66,608.58
4DLGB5J4,3,4,4,3,3,3,5,4,3,4,4,5,5,5,7,3,3,2010,728,7330.14
VN8I76JV,7,7,6,2,1,1,3,5,5,6,5,5,3,3,3,4,4,2014,414,4305.43
Y3ZTEGQ6,3,4,5,3,4,4,2,1,1,2,3,3,3,3,3,4,4,2022,18,154.95
NHTMMB7J,4,5,5,4,4,4,1,1,3,2,2,2,4,4,4,4,4,2022,20,186.3
F89UZZMF,4,5,5,3,5,5,1,1,3,2,2,2,2,1,2,4,6,2022,34,311.65
HN0P13CP,6,6,6,4,3,3,4,5,5,1,1,1,4,3,3,6,6,2022,31,312.37
UJAQZTSA,4,6,6,4,5,3,3,3,2,2,2,2,5,5,4,4,6,2022,32,300.83
A4K67GG2,4,3,2,5,3,3,7,7,6,5,5,6,6,5,6,3,3,2017,240,2654.05
N47GQGPO,5,6,5,2,4,4,7,7,5,6,5,4,5,4,5,4,4,2016,301,3107.44
LBZXWABB,7,7,7,2,2,3,1,1,2,5,5,5,3,3,4,4,4,2013,480,5785.29
06INS4U1,2,2,3,3,4,3,1,1,1,2,2,2,2,2,2,3,5,2021,46,436.72
QA5XDR76,6,6,6,2,2,3,2,2,3,5,6,5,4,4,4,2,1,2011,324,3488.51
7LHW8UAO,3,4,5,5,6,4,3,3,4,1,1,1,4,3,4,5,6,2021,56,516.71
4C6P5Q7T,6,5,4,1,1,2,3,3,3,6,6,6,3,3,3,3,4,2016,287,3161.24
K517T179,4,5,5,2,3,3,4,4,3,7,7,6,4,3,4,1,2,2014,513,5527.44
9PFQNM1X,5,4,4,3,3,3,6,7,6,5,5,4,4,4,3,3,3,2015,248,2507.33
EVEP8O5X,3,4,4,5,5,6,2,1,1,2,3,3,6,5,5,3,5,2021,46,412.21
PKP6S57T,4,5,4,3,2,2,2,2,2,3,3,3,4,5,5,4,3,2015,376,3430.58
2T7X086I,7,7,7,3,3,3,1,1,1,3,4,3,4,4,5,3,1,2011,444,4096.62
IPZOPW64,5,5,6,5,7,6,1,1,1,2,2,3,2,2,2,4,3,2021,50,451.11
TC9QS1XU,6,6,6,2,2,3,4,4,4,6,5,5,3,4,4,3,2,2015,448,4257.34
UXOCJZOT,5,5,4,2,2,2,5,6,5,4,4,5,5,5,6,4,4,2015,264,2807.4
R0XQ9FVW,6,7,7,3,4,4,5,6,4,3,3,3,5,4,5,4,5,2017,174,2004.42
FA3T9LZ1,6,7,5,2,1,2,4,2,3,5,4,4,5,5,6,5,3,2016,385,3861.46
NHIB0XAI,7,7,7,4,4,6,4,2,2,4,4,3,1,1,2,4,6,2022,26,230.79
FZSNB1PY,5,6,5,4,5,5,3,2,3,4,4,4,3,3,3,4,4,2022,37,336.37
92H29FIU,6,6,3,3,4,4,1,2,3,5,5,5,2,3,3,4,4,2015,216,2115.64
XGJI17F8,5,6,6,1,1,1,4,4,3,5,4,4,4,3,4,3,4,2016,196,1732.78
ZH2TSM8G,4,5,5,4,5,4,1,2,2,5,6,6,3,3,3,2,2,2011,444,4154.12
L58Q9EJ4,4,3,5,3,4,5,2,3,2,2,2,2,4,4,4,4,4,2022,23,205.77
WB08EQH0,6,4,4,4,4,3,6,6,5,2,3,5,7,5,6,4,5,2017,180,2107
1QNHQLKD,4,3,3,2,3,3,2,3,2,6,6,5,4,5,5,2,4,2015,328,3262.19
K5IEZT59,5,5,5,3,5,5,3,6,6,2,2,3,6,6,7,5,4,2016,280,2869.72
M905GOCN,4,3,2,3,4,3,3,4,5,4,3,5,4,4,5,3,4,2017,198,2272.77
CI9FFPFS,6,7,6,1,1,2,3,4,3,2,3,2,4,5,6,4,4,2014,252,2853.85
VPRGC0MY,6,5,4,4,5,6,3,4,4,2,4,4,4,4,4,3,3,2016,273,3051.59
A77A3ZJA,4,6,6,3,4,3,1,1,2,2,2,2,3,2,2,4,6,2022,27,243.52
ZI621YCV,2,4,3,3,3,3,3,3,3,4,5,5,2,2,2,2,3,2015,392,4323.48
OD21XYIG,7,7,7,3,3,2,3,4,4,4,4,4,2,3,3,4,3,2013,390,3427.33
PFWUVPY6,6,6,5,2,2,3,3,4,4,6,6,5,4,4,4,3,4,2013,290,2763
A0GU4YL4,5,6,6,5,5,5,2,3,3,3,4,4,3,3,2,3,5,2021,54,489.36
FPN7AAP5,6,5,4,2,2,2,3,5,4,5,5,4,5,4,4,3,3,2016,364,3651.44
F9L9TVLX,5,5,5,4,5,6,5,6,5,3,3,3,2,3,4,3,5,2022,18,145.32
A27S4PKJ,5,4,5,4,3,2,3,5,5,2,3,5,4,4,4,4,3,2016,224,2625.17
A6WHC0J8,5,5,5,2,1,2,4,4,3,4,5,5,3,2,3,2,4,2016,343,3774
YL9TTTHN,6,6,5,3,2,4,1,3,1,2,2,2,5,5,4,5,4,2021,36,341.13
GR7JW2VR,5,6,7,4,3,4,4,3,4,3,4,3,6,5,5,5,6,2022,24,219.83
ELD40Q0M,5,5,5,4,4,4,3,3,3,5,4,3,3,3,3,4,6,2021,52,529.24
3VIFZSPS,6,7,7,2,4,4,3,2,2,6,5,6,4,3,3,3,4,2016,322,3556.45
47DE2FUH,5,6,6,3,5,4,3,4,5,2,2,3,3,3,3,5,6,2021,46,394.77
SP4WPK4U,6,6,6,1,2,2,3,3,3,4,4,4,4,4,4,5,3,2015,528,5393.74
ONUL2WBT,4,4,4,3,3,4,1,1,1,1,1,1,5,4,3,4,4,2022,25,245.53
8VI7SRK2,4,5,4,2,1,1,4,4,3,2,3,4,4,4,5,4,3,2013,600,5619.45
5Z1DA541,7,7,6,3,3,5,3,6,4,2,2,2,2,2,2,6,5,2022,26,241.18
FT5R6GMD,7,6,5,5,5,4,3,5,5,1,1,2,4,4,5,6,5,2016,210,2569.09
P0ZA2A3U,4,5,5,1,2,2,3,3,3,6,6,6,3,3,4,2,3,2010,637,7399.06
QQVOAE1E,4,5,5,1,2,3,4,3,1,2,1,2,2,2,2,4,4,2021,66,584.91
MG82BG3B,5,5,4,6,6,5,1,1,1,2,2,2,3,2,3,4,4,2021,66,569.02
L7P4XDV4,7,7,7,5,7,7,3,6,4,2,1,1,4,3,3,6,6,2021,64,497.54
K8XEQF0Y,6,6,6,2,1,2,3,5,6,1,1,1,3,2,3,5,5,2017,180,2249.4
X1OTLFKV,7,7,7,3,4,5,2,3,2,1,1,1,3,2,2,6,4,2021,54,438.67
NU4L69QF,3,5,4,4,5,6,3,4,4,3,3,2,4,3,3,5,5,2021,70,619.58
N1TTNI1T,7,7,6,6,6,3,7,7,6,3,3,2,3,4,4,5,5,2017,216,2398.14
SMRE12RW,5,5,4,4,4,4,4,5,5,2,3,4,5,5,5,4,5,2016,266,3105.88
TLMI89TR,6,5,4,4,3,4,6,6,5,3,3,3,5,4,6,4,3,2017,168,1950.81
A1GO4JAN,3,3,4,4,5,5,1,2,3,4,4,4,3,2,3,2,5,2022,32,277.04
XN8SEHLM,2,3,5,3,4,2,3,4,3,5,5,5,4,4,4,3,4,2015,288,2282.85
DYVQ29LK,5,6,5,1,3,4,1,2,1,1,1,1,1,1,2,6,6,2022,27,253.34
33LV01SA,6,6,6,3,4,3,4,3,3,2,2,2,5,4,3,5,6,2021,26,242.83
4F1S3X20,6,6,5,2,3,3,3,4,4,3,3,4,5,5,6,4,3,2016,308,3269.35
446HL40X,7,6,6,4,6,4,2,3,2,1,1,1,1,1,1,5,5,2022,23,220.1
RZDWFOR6,7,7,6,3,3,3,4,6,6,3,4,6,5,6,6,5,6,2017,204,2114.32
983EVVEN,4,5,5,3,4,4,2,2,2,6,6,6,5,5,6,3,3,2013,260,2816.1
9WGE6KZH,3,2,3,3,2,3,3,5,4,3,4,5,2,2,3,3,3,2014,513,5417.68
12BIM5XR,6,6,6,3,4,4,4,5,4,4,4,4,5,5,6,4,5,2012,561,5587.6
VUO683NC,5,5,3,4,3,2,4,5,5,6,4,4,6,5,6,4,4,2015,280,3342.67
YZ9UTT1W,4,5,6,5,5,5,1,3,2,1,1,1,5,3,3,5,5,2022,20,175.41
45VWGR2P,3,3,3,5,6,4,2,3,3,4,4,4,6,6,5,2,5,2022,27,240.11
Y6H83AF1,6,5,5,5,6,6,1,1,1,3,4,3,2,2,2,4,5,2021,52,501.84
PZ9SFXHF,7,7,7,2,2,1,5,5,5,2,2,2,5,4,5,5,5,2017,198,1999.34
N83DBN08,5,5,4,2,4,4,5,5,5,2,2,2,7,6,6,4,4,2016,273,2905.46
P8526ADL,7,6,5,2,2,2,5,6,4,2,3,3,5,4,5,5,6,2017,240,2169.51
SX87SD5Q,6,6,6,4,5,5,2,3,2,3,2,3,3,3,3,5,6,2021,54,462.77
KNAVSL7Q,6,7,5,3,5,4,5,3,1,2,2,3,4,4,3,5,6,2021,28,247.59
3XOWJAXY,5,6,6,2,3,4,3,4,2,2,3,4,3,3,2,5,4,2022,22,195.16
7ABF5FTX,4,3,3,3,4,3,2,3,2,4,4,3,3,2,2,3,4,2021,56,546.4
B46VU7D5,5,7,5,3,3,4,4,5,4,4,4,4,4,5,5,4,4,2011,372,3922.84
0B63UV1H,4,6,6,2,1,3,4,5,3,5,6,6,3,3,3,3,2,2015,360,3349.53
N33Q4NHI,4,4,3,3,2,2,5,6,6,3,3,4,3,3,4,4,3,2016,231,2669.67
SCKHI2M8,4,4,6,3,5,3,2,1,1,4,4,3,4,4,4,3,4,2021,44,393.44
VAGSDOU1,5,5,4,1,1,1,6,6,6,3,2,3,2,2,3,4,5,2015,264,3003.38
MOW87P45,7,7,7,3,4,4,1,1,2,2,1,1,2,3,3,5,6,2021,48,376.84
N9B0A8MB,4,5,4,3,4,4,5,6,6,2,2,2,6,5,5,5,5,2017,192,2199.45
K222JO56,4,4,4,3,3,6,3,3,3,7,6,6,4,4,5,2,4,2015,344,3470.77
LHQ3CWWJ,5,6,6,3,6,5,2,2,1,5,4,2,4,5,5,3,5,2021,58,511.52
8ZHXBD81,6,6,5,2,3,4,4,6,4,1,2,2,4,5,5,6,6,2016,308,3559.77
56ANN0WN,7,7,5,3,3,3,4,5,4,2,4,5,5,5,4,5,3,2016,273,2877.75
CAZDWUVB,6,7,6,4,5,5,2,3,3,3,4,4,3,3,4,4,4,2021,62,538.69
RWZIXLSJ,5,5,5,3,4,2,3,4,3,2,3,2,4,4,4,5,6,2022,17,135.69
9TF05K0P,3,5,4,7,6,5,2,3,2,6,5,4,3,3,4,2,3,2016,259,2340.72
C9MSTSLL,6,6,6,2,3,4,6,4,4,1,1,1,1,1,2,6,7,2022,30,257.06
PYA9N0J3,5,4,3,4,4,3,5,5,5,2,3,4,5,3,3,4,5,2016,203,1880.03
GYNBMXRM,6,6,6,3,3,4,1,1,1,5,4,4,3,3,3,3,4,2013,530,4791.8
DUCD3ET1,6,7,6,3,4,5,3,2,2,3,3,2,2,1,2,4,6,2022,17,145.54
F1XGWPYP,5,6,6,3,6,4,2,4,3,4,4,2,7,6,6,4,4,2022,24,226.63
SB45Z0RE,4,5,5,4,3,3,2,2,1,3,3,3,4,4,4,4,6,2022,20,180.74
1X1WJXQI,6,7,5,4,3,2,4,7,4,4,6,6,2,3,3,3,3,2011,624,5572.45
CTQCJAT2,4,6,5,2,3,4,3,4,3,6,5,5,4,4,5,3,5,2015,432,5128.4
6VXPYDOO,4,5,4,4,5,4,2,2,3,1,1,1,2,2,3,5,5,2021,46,427.94
W07HC1VL,6,5,5,3,4,3,4,4,6,4,3,4,6,5,6,5,4,2016,196,1911.62
XUVMI1EN,5,5,4,4,5,5,4,5,4,4,5,7,5,5,6,4,5,2016,238,2422.87
E6HQ42CC,5,5,5,4,5,3,2,4,4,3,2,3,3,4,4,4,4,2015,288,3135.19
KS5LBZT7,4,6,6,6,5,6,3,3,4,6,5,5,4,4,6,2,3,2016,259,2764.96
KM26HGEH,6,5,5,3,3,2,2,3,4,2,2,2,4,3,3,5,4,2022,17,129.22
M83T0IAW,4,5,6,2,6,5,3,4,3,4,5,5,4,5,4,3,3,2010,715,6530.07
DWJSDT07,6,7,6,3,3,3,5,6,5,4,3,3,5,5,6,5,4,2017,228,2474.63
69P96ED0,6,7,7,4,4,4,1,1,1,1,1,2,2,2,2,5,5,2021,50,451.78
